CHROM	POS	REF	ALT	ANNOTATIONS	40HC1Bp1	40HC1Bp3
NC_007790.1	1488	C	T	492 nt downstream of SAUSA300_RS14705 ; 91 nt upstream of SAUSA300_RS14710	C	T
NC_007790.1	1510	C	T	514 nt downstream of SAUSA300_RS14705 ; 69 nt upstream of SAUSA300_RS14710	C	T
NC_007793.1	159490	C	T	Allele T: synonymous_variant,deoC (SAUSA300_RS00735),c.267C>T,p.Asp89Asp	T	C
NC_007793.1	159496	C	T	Allele T: synonymous_variant,deoC (SAUSA300_RS00735),c.273C>T,p.Val91Val	T	C
NC_007793.1	159523	A	G	Allele G: synonymous_variant,deoC (SAUSA300_RS00735),c.300A>G,p.Gly100Gly	A	G
NC_007793.1	268079	CA	CG	Allele CG: missense_variant,coa (SAUSA300_RS01180),c.1678A>G,p.Lys560Glu	CG	CA
NC_007793.1	350398	A	G	Allele G: missense_variant,SAUSA300_RS01590 (SAUSA300_RS01590),c.260A>G,p.Asn87Ser	A	G
NC_007793.1	350438	T	C	Allele C: synonymous_variant,SAUSA300_RS01590 (SAUSA300_RS01590),c.300T>C,p.Cys100Cys	T	C
NC_007793.1	350447	C	T	Allele T: synonymous_variant,SAUSA300_RS01590 (SAUSA300_RS01590),c.309C>T,p.Asp103Asp	T	C
NC_007793.1	350465	A	T	Allele T: missense_variant,SAUSA300_RS01590 (SAUSA300_RS01590),c.327A>T,p.Lys109Asn	T	A
NC_007793.1	351200	G	A	Allele A: synonymous_variant,SAUSA300_RS01600 (SAUSA300_RS01600),c.39G>A,p.Glu13Glu	A	G
NC_007793.1	351972	T	C	Allele C: synonymous_variant,SAUSA300_RS01605 (SAUSA300_RS01605),c.300T>C,p.Cys100Cys	T	C
NC_007793.1	352454	A	G	Allele G: missense_variant,SAUSA300_RS01610 (SAUSA300_RS01610),c.271A>G,p.Lys91Glu	A	G
NC_007793.1	468992	A	G	Allele G: missense_variant,lpl7 (SAUSA300_RS02230),c.407A>G,p.Lys136Arg	G	A
NC_007793.1	514557	TTATGAAAATAAAGCAGT	TT	115 nt downstream of SAUSA300_RS02440 ; 252 nt upstream of SAUSA300_RS02445	TT	TTATGAAAATAAAGCAGT
NC_007793.1	613507	C	T	Allele T: synonymous_variant,sdrC (SAUSA300_RS02915),c.2361C>T,p.Asp787Asp	C	T
NC_007793.1	613675	C	T	Allele T: synonymous_variant,sdrC (SAUSA300_RS02915),c.2529C>T,p.Asp843Asp	T	C
NC_007793.1	622057	CAGTGAT	TAGCGAC	Allele TAGCGAC: synonymous_variant,sdrE (SAUSA300_RS02925),c.3162_3168delCAGTGATinsTAGCGAC,p.1057	CAGTGAT	TAGCGAC
NC_007793.1	672063	G	A	207 nt downstream of SAUSA300_RS03210 ; 172 nt upstream of SAUSA300_RS03215	A	G
NC_007793.1	834569	G	A	404 nt downstream of SAUSA300_RS04030 ; 476 nt upstream of SAUSA300_RS04040	A	G
NC_007793.1	834750	CACAC	CCGTAC	585 nt downstream of SAUSA300_RS04030 ; 295 nt upstream of SAUSA300_RS04040	CACAC	CCGTAC
NC_007793.1	1084119	C	T	45 nt downstream of SAUSA300_RS05315 ; 304 nt downstream of SAUSA300_RS05325	C	T
NC_007793.1	1084135	A	G	61 nt downstream of SAUSA300_RS05315 ; 288 nt downstream of SAUSA300_RS05325	G	A
NC_007793.1	1165527	TA	CG	265 nt downstream of SAUSA300_RS05765 ; 43 nt upstream of SAUSA300_RS05770	CG	TA
NC_007793.1	1545184	ATTG	GTTA	Allele GTTA: synonymous_variant,SAUSA300_RS07530 (SAUSA300_RS07530),c.459_462delCAATinsTAAC,p.155	ATTG	GTTA
NC_007793.1	1579335	ATGA	GTGG	Allele GTGG: synonymous_variant,SAUSA300_RS07730 (SAUSA300_RS07730),c.489_492delTCATinsCCAC,p.165	ATGA	GTGG
NC_007793.1	1579725	TATT	AATC	Allele AATC: synonymous_variant,SAUSA300_RS07730 (SAUSA300_RS07730),c.99_102delAATAinsGATT,p.35	AATC	TATT
NC_007793.1	1579746	C	T	Allele T: synonymous_variant,SAUSA300_RS07730 (SAUSA300_RS07730),c.81G>A,p.Leu27Leu	T	C
NC_007793.1	1857213	T	C	Allele C: synonymous_variant,SAUSA300_RS09205 (SAUSA300_RS09205),c.411A>G,p.Thr137Thr	C	T
NC_007793.1	1857220	G	A	Allele A: missense_variant,SAUSA300_RS09205 (SAUSA300_RS09205),c.404C>T,p.Ala135Val	G	A
NC_007793.1	1857232	T	C	Allele C: missense_variant,SAUSA300_RS09205 (SAUSA300_RS09205),c.392A>G,p.Lys131Arg	C	T
NC_007793.1	1857234	T	C	Allele C: synonymous_variant,SAUSA300_RS09205 (SAUSA300_RS09205),c.390A>G,p.Lys130Lys	T	C
NC_007793.1	1857239	C	T	Allele T: missense_variant,SAUSA300_RS09205 (SAUSA300_RS09205),c.385G>A,p.Ala129Thr	C	T
NC_007793.1	1857258	C	T	Allele T: synonymous_variant,SAUSA300_RS09205 (SAUSA300_RS09205),c.366G>A,p.Glu122Glu	T	C
NC_007793.1	1997102	A	T	Allele T: intragenic_variant,SAUSA300_RS10005 (SAUSA300_RS10005),n.1997102A>T,	A	T
NC_007793.1	1997154	ACTATAAAAATG	AAAATAATG	Allele AAATAATG: intragenic_variant,SAUSA300_RS10010 (SAUSA300_RS10010),n.1997155_1997165delCTATAAAAATGinsAAATAATG, // 1 nt upstream of SAUSA300_RS10005 ; 10 nt downstream of SAUSA300_RS10010	ACTATAAAAATG	AAAATAATG
NC_007793.1	2096238	T	A	Allele A: missense_variant,SAUSA300_RS10585 (SAUSA300_RS10585),c.544A>T,p.Met182Leu	A	T
NC_007793.1	2113737	T	C	Allele C: missense_variant,SAUSA300_RS10720 (SAUSA300_RS10720),c.251A>G,p.Lys84Arg	C	T
NC_007793.1	2113747	T	C	Allele C: missense_variant,SAUSA300_RS10720 (SAUSA300_RS10720),c.241A>G,p.Lys81Glu	C	T
NC_007793.1	2120615	CAGCAAT	TAGAAAC	Allele TAGAAAC: missense_variant,SAUSA300_RS10770 (SAUSA300_RS10770),c.72_78delATTGCTGinsGTTTCTA,p.Leu25Phe	CAGCAAT	TAGAAAC
NC_007793.1	2120630	C	T	Allele T: synonymous_variant,SAUSA300_RS10770 (SAUSA300_RS10770),c.63G>A,p.Val21Val	C	T
NC_007793.1	2121486	T	A	15 nt upstream of SAUSA300_RS15890 ; 1 nt downstream of SAUSA300_RS10785	A	T
NC_007793.1	2121583	C	T	Allele T: synonymous_variant,SAUSA300_RS10785 (SAUSA300_RS10785),c.657G>A,p.Ser219Ser	C	T
NC_007793.1	2121592	G	A	Allele A: synonymous_variant,SAUSA300_RS10785 (SAUSA300_RS10785),c.648C>T,p.Ile216Ile	G	A
NC_007793.1	2121634	A	G	Allele G: synonymous_variant,SAUSA300_RS10785 (SAUSA300_RS10785),c.606T>C,p.Tyr202Tyr	A	G
NC_007793.1	2121946	A	G	Allele G: synonymous_variant,SAUSA300_RS10785 (SAUSA300_RS10785),c.294T>C,p.Gly98Gly	G	A
NC_007793.1	2122192	AATA	TATG	Allele TATG: synonymous_variant,SAUSA300_RS10785 (SAUSA300_RS10785),c.45_48delTATTinsCATA,p.17	TATG	AATA
NC_007793.1	2143521	CTTATTAGGG	CTTCGGTTTGTCTGGA	Allele CGGTTTGTCTGGA: missense_variant&disruptive_inframe_insertion,SAUSA300_RS10915 (SAUSA300_RS10915),c.477_483delCCCTAATinsTCCAGACAAACCG,p.Asn161delinsAspLysPro	CTTCGGTTTGTCTGGA	CTTATTAGGG
NC_007793.1	2606178	A	T	Allele T: missense_variant,SAUSA300_RS13395 (SAUSA300_RS13395),c.187T>A,p.Ser63Thr	A	T
NC_007793.1	2606227	GCGCG	GCGCT	Allele GCGCT: missense_variant,SAUSA300_RS13395 (SAUSA300_RS13395),c.134C>A,p.Ala45Glu	GCGCG	GCGCT
NC_007793.1	2633216	A	G	Allele G: synonymous_variant,fnbA (SAUSA300_RS13530),c.2586T>C,p.Asn862Asn	G	A
NC_007793.1	2633435	C	T	Allele T: synonymous_variant,fnbA (SAUSA300_RS13530),c.2367G>A,p.Gln789Gln	C	T
