CHROM	POS	REF	ALT	ANNOTATIONS	15AD1Sp1	15AD1Sp10	15AD1Sp11	15AD1Sp15	15AD1Sp17	15AD1Sp19	15AD1Sp2	15AD1Sp20	15AD1Sp22	15AD1Sp3	15AD1Sp4	15AD1Sp5	15AD1Sp6	15AD1Sp7
NC_007791.1	1849	T	A	Allele A: synonymous_variant,mobV (SAUSA300_RS14730),c.249T>A,p.Gly83Gly	A	A	A	A	A	A	A	A	A	T	A	A	A	A
NC_007793.1	218241	A	G	Allele G: synonymous_variant,brnQ (SAUSA300_RS00985),c.279T>C,p.Val93Val	A	A	A	A	G	A	A	A	A	A	A	A	A	A
NC_007793.1	260501	C	A	510 nt upstream of SAUSA300_RS01150 ; 78 nt upstream of SAUSA300_RS01155	C	C	C	C	C	C	C	C	C	C	C	A	C	C
NC_007793.1	318900	C	T	158 nt downstream of SAUSA300_RS01430 ; 88 nt upstream of SAUSA300_RS01435	T	T	T	T	T	T	T	C	T	T	T	T	T	T
NC_007793.1	319161	C	T	Allele T: synonymous_variant,SAUSA300_RS01435 (SAUSA300_RS01435),c.174C>T,p.Ile58Ile	T	T	T	T	T	T	T	C	T	T	T	T	T	T
NC_007793.1	319293	G	A	Allele A: synonymous_variant,SAUSA300_RS01435 (SAUSA300_RS01435),c.306G>A,p.Val102Val	G	G	G	G	G	G	G	G	G	G	G	A	G	G
NC_007793.1	448397	G	A	Allele A: missense_variant,SAUSA300_RS02120 (SAUSA300_RS02120),c.9G>A,p.Met3Ile	G	A	A	A	A	A	G	A	A	A	A	G	G	A
NC_007793.1	457750	C	T	Allele T: synonymous_variant,SAUSA300_RS02175 (SAUSA300_RS02175),c.255C>T,p.Asp85Asp	C	C	C	C	C	C	C	C	C	C	C	T	C	C
NC_007793.1	467183	A	G	Allele G: synonymous_variant,lpl5 (SAUSA300_RS02220),c.261A>G,p.Lys87Lys	A	G	A	G	A	A	A	A	A	G	A	A	A	A
NC_007793.1	468985	A	C	Allele C: missense_variant,lpl7 (SAUSA300_RS02230),c.400A>C,p.Asn134His	A	A	A	C	A	A	A	A	A	A	A	A	A	A
NC_007793.1	471822	T	A	Allele A: synonymous_variant,lpl10 (SAUSA300_RS02245),c.483T>A,p.Ile161Ile	T	T	T	T	T	T	T	T	T	T	T	T	A	T
NC_007793.1	471949	A	G	Allele G: missense_variant,lpl10 (SAUSA300_RS02245),c.610A>G,p.Lys204Glu	G	G	G	G	G	A	G	A	A	A	G	A	G	A
NC_007793.1	471972	A	T	Allele T: missense_variant,lpl10 (SAUSA300_RS02245),c.633A>T,p.Glu211Asp	T	T	T	T	T	A	T	A	T	T	T	T	T	T
NC_007793.1	471973	A	G	Allele G: missense_variant,lpl10 (SAUSA300_RS02245),c.634A>G,p.Ile212Val	A	A	A	A	A	G	A	G	A	A	A	A	A	G
NC_007793.1	471981	A	T	Allele T: synonymous_variant,lpl10 (SAUSA300_RS02245),c.642A>T,p.Pro214Pro	A	A	A	A	A	T	A	T	A	A	A	A	A	A
NC_007793.1	512839	T	G	499 nt downstream of SAUSA300_RS02435 ; 52 nt upstream of SAUSA300_RS02440	T	G	G	G	G	G	T	G	G	G	G	T	G	G
NC_007793.1	617776	A	G	Allele G: synonymous_variant,sdrD (SAUSA300_RS02920),c.3420A>G,p.Ser1140Ser	A	A	A	A	A	A	A	A	A	A	A	A	G	A
NC_007793.1	622027	T	C	Allele C: synonymous_variant,sdrE (SAUSA300_RS02925),c.3132T>C,p.Asp1044Asp	T	T	T	T	C	T	T	T	T	T	T	T	T	T
NC_007793.1	746415	A	C	Allele C: missense_variant,mgrA (SAUSA300_RS03605),c.352T>G,p.Ser118Ala	A	C	A	C	A	A	A	A	A	A	A	A	A	A
NC_007793.1	787149	G	A	113 nt downstream of SAUSA300_RS03805 ; 238 nt upstream of SAUSA300_RS03810	A	A	G	G	A	A	G	A	A	A	A	A	A	A
NC_007793.1	787192	C	T	156 nt downstream of SAUSA300_RS03805 ; 195 nt upstream of SAUSA300_RS03810	C	C	C	C	C	C	T	C	C	C	C	C	C	C
NC_007793.1	834797	G	A,T	632 nt downstream of SAUSA300_RS04030 ; 248 nt upstream of SAUSA300_RS04040 // 632 nt downstream of SAUSA300_RS04030 ; 248 nt upstream of SAUSA300_RS04040	A	A	A	A	G	A	A	T	A	G	A	A	A	G
NC_007793.1	893035	T	G	Allele G: missense_variant,SAUSA300_RS15225 (SAUSA300_RS15225),c.93T>G,p.Asp31Glu	T	T	T	T	T	T	T	T	T	T	T	T	T	G
NC_007793.1	979353	A	G	Allele G: missense_variant,SAUSA300_RS04805 (SAUSA300_RS04805),c.1160A>G,p.Glu387Gly	G	A	A	A	A	G	A	A	A	A	G	G	A	A
NC_007793.1	1022512	A	C	11 nt downstream of SAUSA300_RS15985 ; 528 nt upstream of SAUSA300_RS05015	A	A	A	A	A	A	A	C	A	A	A	A	A	A
NC_007793.1	1022541	A	C	40 nt downstream of SAUSA300_RS15985 ; 499 nt upstream of SAUSA300_RS05015	A	A	A	A	A	A	A	C	A	A	A	A	A	A
NC_007793.1	1022574	CTCAT	TTCAA	73 nt downstream of SAUSA300_RS15985 ; 466 nt upstream of SAUSA300_RS05015	CTCAT	CTCAT	CTCAT	CTCAT	CTCAT	CTCAT	CTCAT	TTCAA	CTCAT	CTCAT	CTCAT	CTCAT	CTCAT	CTCAT
NC_007793.1	1022583	C	G	82 nt downstream of SAUSA300_RS15985 ; 457 nt upstream of SAUSA300_RS05015	C	C	C	C	C	C	C	G	C	C	C	C	C	C
NC_007793.1	1022846	G	A	345 nt downstream of SAUSA300_RS15985 ; 194 nt upstream of SAUSA300_RS05015	G	G	G	G	G	G	G	A	G	G	G	G	G	G
NC_007793.1	1022868	C	T	367 nt downstream of SAUSA300_RS15985 ; 172 nt upstream of SAUSA300_RS05015	C	C	C	C	C	C	C	T	C	C	C	C	C	C
NC_007793.1	1108750	T	C	369 nt downstream of SAUSA300_RS05450 ; 185 nt upstream of SAUSA300_RS05455	T	T	T	T	T	T	C	C	T	T	T	T	C	C
NC_007793.1	1330492	T	C	Allele C: synonymous_variant,SAUSA300_RS16000 (SAUSA300_RS16000),c.105T>C,p.Leu35Leu	T	C	C	C	C	T	T	C	C	C	T	C	T	C
NC_007793.1	1330585	T	C	Allele C: synonymous_variant,SAUSA300_RS16000 (SAUSA300_RS16000),c.198T>C,p.Val66Val	T	C	T	T	C	C	C	T	C	T	T	T	T	C
NC_007793.1	1412471	A	G	149 nt upstream of SAUSA300_RS06965 ; 394 nt upstream of SAUSA300_RS15320	G	G	G	G	G	G	G	G	G	G	G	G	A	G
NC_007793.1	1458107	T	G	Allele G: missense_variant,ebh (SAUSA300_RS07235),c.29970A>C,p.Gln9990His	G	G	G	T	G	G	G	G	G	G	G	G	G	G
NC_007793.1	1543439	T	A	Allele A: missense_variant,SAUSA300_RS07515 (SAUSA300_RS07515),c.81A>T,p.Lys27Asn	A	A	A	A	T	A	A	A	A	A	A	A	A	A
NC_007793.1	1589875	TA	CG	Allele CG: missense_variant,SAUSA300_RS07845 (SAUSA300_RS07845),c.26_27delTAinsCG,p.Val9Ala	CG	CG	TA	CG	CG	TA	CG	CG	CG	CG	CG	CG	CG	CG
NC_007793.1	1669223	C	T	Allele T: missense_variant,SAUSA300_RS08285 (SAUSA300_RS08285),c.49G>A,p.Asp17Asn	C	C	C	C	C	C	C	T	C	C	C	C	C	T
NC_007793.1	1803724	A	T	Allele T: missense_variant,SAUSA300_RS15380 (SAUSA300_RS15380),c.399T>A,p.Asn133Lys	A	A	A	A	A	A	A	T	A	A	A	A	A	A
NC_007793.1	1803808	C	T	Allele T: synonymous_variant,SAUSA300_RS15380 (SAUSA300_RS15380),c.315G>A,p.Val105Val	T	T	T	T	T	T	T	C	T	T	T	T	T	T
NC_007793.1	1851210	G	T	Allele T: missense_variant,SAUSA300_RS09175 (SAUSA300_RS09175),c.31G>T,p.Asp11Tyr	G	T	G	G	G	G	G	G	G	G	G	G	G	G
NC_007793.1	1857258	C	T	Allele T: synonymous_variant,SAUSA300_RS09205 (SAUSA300_RS09205),c.366G>A,p.Glu122Glu	C	C	C	C	C	C	C	T	C	C	C	C	C	C
NC_007793.1	1872878	C	T	304 nt upstream of SAUSA300_RS09270 ; 446 nt downstream of SAUSA300_RS09275	C	C	C	C	C	C	C	C	C	C	C	C	C	T
NC_007793.1	1892192	A	G	Allele G: synonymous_variant,SAUSA300_RS09335 (SAUSA300_RS09335),c.198T>C,p.Tyr66Tyr	G	A	A	A	A	A	A	A	A	G	A	A	G	G
NC_007793.1	1937889	G	A	Allele A: synonymous_variant,SAUSA300_RS09585 (SAUSA300_RS09585),c.504C>T,p.Asp168Asp	G	A	G	G	A	A	G	G	G	G	G	G	G	G
NC_007793.1	2054220	ATTTTTTTAAC	ATTTTTTTTAAC	-1 nt upstream of SAUSA300_RS10335 ; 862 nt upstream of SAUSA300_RS10340	ATTTTTTTTAAC	ATTTTTTTTAAC	ATTTTTTTTAAC	ATTTTTTTTAAC	ATTTTTTTTAAC	ATTTTTTTAAC	ATTTTTTTTAAC	ATTTTTTTTAAC	ATTTTTTTTAAC	ATTTTTTTTAAC	ATTTTTTTTAAC	ATTTTTTTTAAC	ATTTTTTTTAAC	ATTTTTTTTAAC
NC_007793.1	2120532	T	C	Allele C: splice_region_variant&stop_retained_variant,SAUSA300_RS10770 (SAUSA300_RS10770),c.161A>G,p.Ter54Ter	T	T	T	T	C	T	T	T	T	T	T	T	T	T
NC_007793.1	2138465	A	G	Allele G: synonymous_variant,SAUSA300_RS10885 (SAUSA300_RS10885),c.459T>C,p.Asn153Asn	G	A	A	G	A	G	G	G	G	G	G	G	G	G
NC_007793.1	2158203	T	C	Allele C: synonymous_variant,abc-f (SAUSA300_RS10995),c.402T>C,p.Phe134Phe	T	T	T	T	T	T	T	C	T	T	T	T	T	T
NC_007793.1	2183102	G	A	Allele A: synonymous_variant,SAUSA300_RS11115 (SAUSA300_RS11115),c.1461C>T,p.Val487Val	G	G	G	G	G	G	G	A	G	G	G	G	G	G
NC_007793.1	2254404	A	T	Allele T: synonymous_variant,deoC (SAUSA300_RS11515),c.525T>A,p.Ala175Ala	A	A	A	A	A	A	A	T	A	A	A	A	A	A
NC_007793.1	2297892	CTTTTT	ACATTC	Allele ACATTC: missense_variant,SAUSA300_RS11700 (SAUSA300_RS11700),c.46_51delAAAAAGinsGAATGT,p.LysLys16GluCys	ACATTC	ACATTC	ACATTC	ACATTC	CTTTTT	ACATTC	ACATTC	CTTTTT	ACATTC	ACATTC	ACATTC	ACATTC	ACATTC	CTTTTT
NC_007793.1	2318086	T	C	Allele C: missense_variant,SAUSA300_RS15545 (SAUSA300_RS15545),c.434T>C,p.Val145Ala	T	T	T	T	T	T	T	C	T	T	T	T	T	T
NC_007793.1	2338436	TCGT	AAAA	Allele AAAA: missense_variant,hysA (SAUSA300_RS11915),c.345_348delTCGTinsAAAA,p.Arg116Lys	TCGT	TCGT	TCGT	TCGT	AAAA	TCGT	TCGT	TCGT	AAAA	TCGT	AAAA	TCGT	TCGT	TCGT
NC_007793.1	2338454	T	C	Allele C: synonymous_variant,hysA (SAUSA300_RS11915),c.363T>C,p.Ile121Ile	T	T	T	T	T	T	T	T	C	T	C	T	T	T
NC_007793.1	2338464	G	T	Allele T: missense_variant,hysA (SAUSA300_RS11915),c.373G>T,p.Ala125Ser	T	T	T	T	T	T	T	T	G	T	G	G	T	T
NC_007793.1	2339338	ATTCA	GCTCT	Allele GCTCT: missense_variant,hysA (SAUSA300_RS11915),c.1247_1251delATTCAinsGCTCT,p.Asn416Ser	GCTCT	ATTCA	ATTCA	ATTCA	ATTCA	ATTCA	ATTCA	ATTCA	ATTCA	ATTCA	GCTCT	ATTCA	GCTCT	ATTCA
NC_007793.1	2339348	G	A	Allele A: synonymous_variant,hysA (SAUSA300_RS11915),c.1257G>A,p.Ser419Ser	G	A	A	A	A	A	A	A	A	A	G	A	G	A
NC_007793.1	2339395	AA	CT	Allele CT: missense_variant,hysA (SAUSA300_RS11915),c.1304_1305delAAinsCT,p.Lys435Thr	CT	AA	AA	CT	AA	AA	AA	AA	AA	AA	CT	AA	CT	AA
NC_007793.1	2339957	AG	CC	Allele CC: missense_variant,hysA (SAUSA300_RS11915),c.1866_1867delAGinsCC,p.Val623Leu	CC	CC	AG	CC	AG	CC	AG	CC	AG	CC	CC	CC	AG	CC
NC_007793.1	2343092	T	G	Allele G: missense_variant,SAUSA300_RS11930 (SAUSA300_RS11930),c.344T>G,p.Val115Gly	T	T	T	T	T	T	T	T	T	T	T	G	T	T
NC_007793.1	2389010	C	T	147 nt downstream of SAUSA300_RS12245 ; 248 nt downstream of SAUSA300_RS12260	C	C	C	C	C	C	C	C	C	C	C	C	T	C
NC_007793.1	2408802	T	G	Allele G: missense_variant,SAUSA300_RS12375 (SAUSA300_RS12375),c.444T>G,p.Asp148Glu	T	T	T	T	T	T	T	T	T	T	T	G	T	T
NC_007793.1	2518930	C	A	Allele A: missense_variant,SAUSA300_RS12935 (SAUSA300_RS12935),c.1552G>T,p.Asp518Tyr	C	C	A	C	A	C	C	C	A	C	C	C	C	C
NC_007793.1	2605953	T	C	Allele C: missense_variant,SAUSA300_RS13395 (SAUSA300_RS13395),c.412A>G,p.Ser138Gly	T	C	C	T	T	T	C	T	T	T	T	T	T	T
NC_007793.1	2605956	T	A	Allele A: stop_gained,SAUSA300_RS13395 (SAUSA300_RS13395),c.409A>T,p.Lys137*	A	T	T	T	A	A	T	A	A	A	A	A	A	A
NC_007793.1	2605963	A	G	Allele G: synonymous_variant,SAUSA300_RS13395 (SAUSA300_RS13395),c.402T>C,p.Asn134Asn	A	G	G	G	A	A	G	A	A	A	A	A	G	A
NC_007793.1	2605969	T	C	Allele C: synonymous_variant,SAUSA300_RS13395 (SAUSA300_RS13395),c.396A>G,p.Glu132Glu	T	C	C	C	T	T	C	T	T	T	T	T	T	T
NC_007793.1	2665792	C	T	Allele T: missense_variant,sdaAA (SAUSA300_RS13700),c.514G>A,p.Val172Ile	T	C	C	C	C	T	C	C	C	C	T	C	C	C
NC_007793.1	2670655	C	T	Allele T: missense_variant,SAUSA300_RS13725 (SAUSA300_RS13725),c.313G>A,p.Ala105Thr	T	C	C	C	C	T	C	C	C	C	T	C	C	C
NC_007793.1	2783836	T	G	91 nt upstream of SAUSA300_RS14305 ; 276 nt downstream of SAUSA300_RS14310	G	G	G	T	G	G	G	G	G	G	G	G	G	G
