CHROM	POS	REF	ALT	ANNOTATIONS	46HC1Np1	46HC1Np10	46HC1Np2	46HC1Np3	46HC1Np4	46HC1Np5	46HC1Np6	46HC1Np7	46HC1Np8	46HC1Np9
NC_007793.1	159384	AG	GT	Allele GT: missense_variant,deoC (SAUSA300_RS00735),c.161_162delAGinsGT,p.Glu54Gly	GT	AG	GT	GT	GT	GT	AG	GT	AG	GT
NC_007793.1	159391	C	A	Allele A: synonymous_variant,deoC (SAUSA300_RS00735),c.168C>A,p.Leu56Leu	C	A	C	C	C	C	C	C	A	C
NC_007793.1	159628	T	C	Allele C: synonymous_variant,deoC (SAUSA300_RS00735),c.405T>C,p.Ile135Ile	C	C	C	C	T	C	C	T	C	C
NC_007793.1	159748	T	A	Allele A: synonymous_variant,deoC (SAUSA300_RS00735),c.525T>A,p.Ala175Ala	A	A	A	A	T	A	A	T	A	A
NC_007793.1	309946	T	G	98 nt downstream of SAUSA300_RS01370 ; 10 nt downstream of SAUSA300_RS01375	T	T	T	T	G	G	T	T	T	T
NC_007793.1	309951	ATT	TTG	103 nt downstream of SAUSA300_RS01370 ; 5 nt downstream of SAUSA300_RS01375	TTG	TTG	ATT	TTG	TTG	TTG	ATT	ATT	ATT	TTG
NC_007793.1	447386	G	T	269 nt downstream of SAUSA300_RS02110 ; 17 nt upstream of SAUSA300_RS02115	T	G	T	T	G	T	T	T	G	G
NC_007793.1	447401	C	T	284 nt downstream of SAUSA300_RS02110 ; 2 nt upstream of SAUSA300_RS02115	T	C	C	T	C	T	T	T	C	C
NC_007793.1	449711	A	T	8 nt downstream of SAUSA300_RS02125 ; 101 nt upstream of SAUSA300_RS02130	A	A	A	A	T	A	A	A	A	T
NC_007793.1	449720	G	A	17 nt downstream of SAUSA300_RS02125 ; 92 nt upstream of SAUSA300_RS02130	A	A	A	A	G	A	A	A	A	G
NC_007793.1	450639	A	G	Allele G: synonymous_variant,SAUSA300_RS02130 (SAUSA300_RS02130),c.828A>G,p.Gly276Gly	G	G	G	A	G	A	G	A	G	G
NC_007793.1	457789	T	C	Allele C: synonymous_variant,SAUSA300_RS02175 (SAUSA300_RS02175),c.294T>C,p.Ser98Ser	C	T	C	T	C	T	C	C	T	C
NC_007793.1	457800	G	A	Allele A: missense_variant,SAUSA300_RS02175 (SAUSA300_RS02175),c.305G>A,p.Arg102His	A	G	A	G	A	G	A	A	G	A
NC_007793.1	471546	A	G	Allele G: synonymous_variant,lpl10 (SAUSA300_RS02245),c.207A>G,p.Glu69Glu	A	A	A	A	A	A	G	A	A	A
NC_007793.1	512779	GAAAAATG	GAAAATG	439 nt downstream of SAUSA300_RS02435 ; 112 nt upstream of SAUSA300_RS02440	GAAAATG	GAAAAATG	GAAAAATG	GAAAAATG	GAAAAATG	GAAAAATG	GAAAAATG	GAAAAATG	GAAAAATG	GAAAAATG
NC_007793.1	518512	CTTTT	TTTTC	594 nt downstream of SAUSA300_RS02450 ; 289 nt upstream of SAUSA300_RS02455	CTTTT	CTTTT	CTTTT	CTTTT	CTTTT	CTTTT	CTTTT	TTTTC	CTTTT	CTTTT
NC_007793.1	518533	G	A	615 nt downstream of SAUSA300_RS02450 ; 268 nt upstream of SAUSA300_RS02455	G	G	G	G	G	G	G	A	G	G
NC_007793.1	621808	C	T	Allele T: synonymous_variant,sdrE (SAUSA300_RS02925),c.2913C>T,p.Ser971Ser	T	T	T	T	T	C	T	T	T	T
NC_007793.1	621889	C	A	Allele A: missense_variant,sdrE (SAUSA300_RS02925),c.2994C>A,p.Asp998Glu	C	A	A	C	C	C	C	C	C	C
NC_007793.1	661815	C	G	Allele G: missense_variant,SAUSA300_RS03155 (SAUSA300_RS03155),c.169C>G,p.Leu57Val	G	G	G	G	G	G	C	G	G	G
NC_007793.1	787125	C	A	89 nt downstream of SAUSA300_RS03805 ; 262 nt upstream of SAUSA300_RS03810	C	A	A	A	C	A	A	C	A	A
NC_007793.1	829074	T	C	290 nt downstream of SAUSA300_RS04005 ; 372 nt upstream of SAUSA300_RS04010	C	C	C	C	C	C	C	C	C	T
NC_007793.1	834816	GAG	TAA	651 nt downstream of SAUSA300_RS04030 ; 229 nt upstream of SAUSA300_RS04040	GAG	TAA	GAG	GAG	TAA	TAA	GAG	TAA	GAG	TAA
NC_007793.1	863843	C	T	147 nt downstream of SAUSA300_RS04170 ; 204 nt upstream of SAUSA300_RS04175	C	C	C	C	C	T	C	C	C	C
NC_007793.1	886615	C	T	Allele T: missense_variant,SAUSA300_RS04350 (SAUSA300_RS04350),c.140C>T,p.Ala47Val	C	T	C	C	C	T	C	C	C	T
NC_007793.1	887057	A	T	Allele T: missense_variant,SAUSA300_RS04355 (SAUSA300_RS04355),c.377A>T,p.Glu126Val	T	T	T	T	T	T	T	T	T	A
NC_007793.1	1039595	CA	TT	Allele TT: missense_variant,sspA (SAUSA300_RS05110),c.957_958delTGinsAA,p.Asp320Asn	TT	TT	TT	CA	CA	CA	TT	TT	TT	TT
NC_007793.1	1166807	AGTACCT	GGTTCCC	Allele GGTTCCC: synonymous_variant,SAUSA300_RS05775 (SAUSA300_RS05775),c.237_243delAGGTACTinsGGGAACC,p.82	GGTTCCC	GGTTCCC	GGTTCCC	AGTACCT	AGTACCT	AGTACCT	AGTACCT	GGTTCCC	AGTACCT	GGTTCCC
NC_007793.1	1166819	G	T	Allele T: synonymous_variant,SAUSA300_RS05775 (SAUSA300_RS05775),c.231C>A,p.Gly77Gly	T	T	T	G	G	G	G	T	T	T
NC_007793.1	1329869	TAAC	GAAA	72 nt downstream of SAUSA300_RS06540 ; 311 nt upstream of SAUSA300_RS06555	GAAA	TAAC	GAAA	GAAA	TAAC	GAAA	GAAA	TAAC	TAAC	GAAA
NC_007793.1	1329886	A	G	89 nt downstream of SAUSA300_RS06540 ; 294 nt upstream of SAUSA300_RS06555	A	G	A	G	G	A	A	A	A	A
NC_007793.1	1329929	C	T	132 nt downstream of SAUSA300_RS06540 ; 251 nt upstream of SAUSA300_RS06555	C	T	T	T	C	C	C	C	T	C
NC_007793.1	1329937	ACAG	CCAA	140 nt downstream of SAUSA300_RS06540 ; 243 nt upstream of SAUSA300_RS06555	ACAG	CCAA	CCAA	ACAG	ACAG	ACAG	ACAG	ACAG	CCAA	ACAG
NC_007793.1	1330715	G	T	Allele T: stop_gained,SAUSA300_RS16000 (SAUSA300_RS16000),c.328G>T,p.Glu110*	T	T	G	T	T	T	T	T	T	G
NC_007793.1	1462042	T	C	Allele C: missense_variant,ebh (SAUSA300_RS07235),c.26035A>G,p.Thr8679Ala	C	T	T	T	T	T	C	T	T	T
NC_007793.1	1545265	G	A	Allele A: synonymous_variant,SAUSA300_RS07530 (SAUSA300_RS07530),c.381C>T,p.Asp127Asp	A	A	A	A	G	A	A	A	A	A
NC_007793.1	1545508	G	A	Allele A: synonymous_variant,SAUSA300_RS07530 (SAUSA300_RS07530),c.138C>T,p.Phe46Phe	A	A	A	A	A	A	A	A	G	A
NC_007793.1	1580082	CTA	CA	Allele CA: frameshift_variant&stop_lost&splice_region_variant,SAUSA300_RS07740 (SAUSA300_RS07740),c.242delA,p.Ter81fs	CA	CA	CA	CA	CA	CA	CA	CA	CA	CTA
NC_007793.1	1694536	CCA	CAT	365 nt upstream of SAUSA300_RS08410 ; 198 nt downstream of SAUSA300_RS08420	CCA	CCA	CCA	CCA	CCA	CAT	CCA	CCA	CCA	CCA
NC_007793.1	1857199	G	T	Allele T: missense_variant,SAUSA300_RS09205 (SAUSA300_RS09205),c.425C>A,p.Ala142Asp	G	T	G	G	T	G	T	T	T	T
NC_007793.1	1857201	T	C	Allele C: synonymous_variant,SAUSA300_RS09205 (SAUSA300_RS09205),c.423A>G,p.Ala141Ala	C	T	C	C	T	C	T	T	T	T
NC_007793.1	1857232	T	C	Allele C: missense_variant,SAUSA300_RS09205 (SAUSA300_RS09205),c.392A>G,p.Lys131Arg	C	T	C	C	T	C	T	C	C	C
NC_007793.1	1857234	TTTA	CTTC	Allele CTTC: synonymous_variant,SAUSA300_RS09205 (SAUSA300_RS09205),c.387_390delTAAAinsGAAG,p.131	TTTA	CTTC	TTTA	TTTA	CTTC	TTTA	CTTC	TTTA	TTTA	TTTA
NC_007793.1	1900795	G	T	Allele T: missense_variant,SAUSA300_RS09380 (SAUSA300_RS09380),c.19G>T,p.Ala7Ser	G	G	G	G	G	T	G	G	T	G
NC_007793.1	1900827	CAGA	TAGG	Allele TAGG: synonymous_variant,SAUSA300_RS09380 (SAUSA300_RS09380),c.51_54delCAGAinsTAGG,p.19	CAGA	TAGG	CAGA	CAGA	CAGA	TAGG	TAGG	TAGG	TAGG	CAGA
NC_007793.1	1900840	C	T	Allele T: synonymous_variant,SAUSA300_RS09380 (SAUSA300_RS09380),c.64C>T,p.Leu22Leu	C	T	T	C	T	T	T	T	T	T
NC_007793.1	1900860	AGAGT	TGAGC	Allele TGAGC: synonymous_variant,SAUSA300_RS09380 (SAUSA300_RS09380),c.84_88delAGAGTinsTGAGC,p.31	AGAGT	TGAGC	AGAGT	AGAGT	AGAGT	TGAGC	TGAGC	TGAGC	TGAGC	AGAGT
NC_007793.1	1901252	TGTT	AGTC	Allele AGTC: synonymous_variant,arsB (SAUSA300_RS09385),c.162_165delTGTTinsAGTC,p.56	TGTT	TGTT	TGTT	AGTC	AGTC	AGTC	TGTT	TGTT	TGTT	AGTC
NC_007793.1	1901435	C	T	Allele T: synonymous_variant,arsB (SAUSA300_RS09385),c.345C>T,p.Gly115Gly	T	T	T	T	T	C	T	C	C	T
NC_007793.1	1901456	T	C	Allele C: synonymous_variant,arsB (SAUSA300_RS09385),c.366T>C,p.Pro122Pro	T	T	T	T	T	T	T	C	C	T
NC_007793.1	1901468	G	A	Allele A: synonymous_variant,arsB (SAUSA300_RS09385),c.378G>A,p.Ala126Ala	A	A	A	G	A	G	G	A	A	G
NC_007793.1	1908302	C	A	118 nt upstream of SAUSA300_RS09425 ; 142 nt upstream of SAUSA300_RS09430	C	C	A	C	C	C	C	C	C	C
NC_007793.1	1928895	G	A	Allele A: missense_variant,SAUSA300_RS09560 (SAUSA300_RS09560),c.20C>T,p.Ser7Leu	A	A	A	A	G	A	A	A	A	A
NC_007793.1	1929054	A	G	140 nt upstream of SAUSA300_RS09560 ; 63 nt upstream of SAUSA300_RS15795	A	G	A	G	A	A	G	G	G	G
NC_007793.1	1929062	G	A	148 nt upstream of SAUSA300_RS09560 ; 55 nt upstream of SAUSA300_RS15795	G	A	G	A	G	G	A	G	A	A
NC_007793.1	1929098	C	A	184 nt upstream of SAUSA300_RS09560 ; 19 nt upstream of SAUSA300_RS15795	C	C	C	C	C	C	C	C	A	C
NC_007793.1	1929432	CT	TA	Allele TA: missense_variant,SAUSA300_RS09565 (SAUSA300_RS09565),c.98_99delCTinsTA,p.Ala33Val // Allele TA: missense_variant,SAUSA300_RS15405 (SAUSA300_RS15405),c.158_159delAGinsTA,p.Lys53Ile	TA	TA	CT	TA	TA	TA	CT	TA	CT	TA
NC_007793.1	1929440	C	T	Allele T: missense_variant,SAUSA300_RS15405 (SAUSA300_RS15405),c.151G>A,p.Glu51Lys	T	T	T	T	T	T	C	T	T	T
NC_007793.1	1929448	CTTT	GTTA	Allele GTTA: missense_variant,SAUSA300_RS15405 (SAUSA300_RS15405),c.140_143delAAAGinsTAAC,p.LysSer47IleThr	GTTA	GTTA	GTTA	GTTA	GTTA	GTTA	CTTT	GTTA	GTTA	GTTA
NC_007793.1	1929469	G	A	Allele A: missense_variant,SAUSA300_RS15405 (SAUSA300_RS15405),c.122C>T,p.Ser41Leu	G	A	G	G	G	A	A	G	A	G
NC_007793.1	1937793	T	A	Allele A: synonymous_variant,SAUSA300_RS09585 (SAUSA300_RS09585),c.600A>T,p.Ala200Ala	T	T	A	T	A	T	T	T	A	T
NC_007793.1	1937838	A	G	Allele G: synonymous_variant,SAUSA300_RS09585 (SAUSA300_RS09585),c.555T>C,p.Tyr185Tyr	G	G	A	G	A	G	G	G	A	G
NC_007793.1	1940312	A	T	Allele T: synonymous_variant,splE (SAUSA300_RS09600),c.30T>A,p.Ile10Ile	T	A	A	T	A	T	A	T	A	A
NC_007793.1	2019637	T	C	Allele C: synonymous_variant,yfkAB (SAUSA300_RS10150),c.45T>C,p.Asp15Asp	C	C	C	T	T	C	C	C	C	T
NC_007793.1	2097654	TCCG	CCCT	Allele CCCT: synonymous_variant,SAUSA300_RS10590 (SAUSA300_RS10590),c.3651_3654delCGGAinsAGGG,p.1219	TCCG	CCCT	TCCG	TCCG	TCCG	CCCT	CCCT	TCCG	TCCG	CCCT
NC_007793.1	2097666	A	G	Allele G: synonymous_variant,SAUSA300_RS10590 (SAUSA300_RS10590),c.3642T>C,p.Thr1214Thr	A	G	A	A	A	G	A	A	A	G
NC_007793.1	2098041	TT	CC	Allele CC: missense_variant,SAUSA300_RS10590 (SAUSA300_RS10590),c.3266_3267delAAinsGG,p.Lys1089Arg	TT	TT	CC	CC	TT	TT	TT	TT	TT	CC
NC_007793.1	2098053	G	A	Allele A: synonymous_variant,SAUSA300_RS10590 (SAUSA300_RS10590),c.3255C>T,p.Gly1085Gly	G	G	A	A	G	G	G	G	G	A
NC_007793.1	2098062	T	C	Allele C: synonymous_variant,SAUSA300_RS10590 (SAUSA300_RS10590),c.3246A>G,p.Gly1082Gly	C	C	C	C	T	C	C	C	T	C
NC_007793.1	2098068	A	T	Allele T: synonymous_variant,SAUSA300_RS10590 (SAUSA300_RS10590),c.3240T>A,p.Gly1080Gly	T	T	T	T	A	T	T	T	A	T
NC_007793.1	2099289	C	G	Allele G: synonymous_variant,SAUSA300_RS10590 (SAUSA300_RS10590),c.2019G>C,p.Val673Val	G	C	C	C	C	G	C	C	G	C
NC_007793.1	2099298	GATTGCA	AATCGCG	Allele AATCGCG: synonymous_variant,SAUSA300_RS10590 (SAUSA300_RS10590),c.2004_2010delTGCAATCinsCGCGATT,p.671	GATTGCA	GATTGCA	AATCGCG	GATTGCA	AATCGCG	GATTGCA	GATTGCA	GATTGCA	GATTGCA	GATTGCA
NC_007793.1	2111626	T	C	Allele C: synonymous_variant,SAUSA300_RS10685 (SAUSA300_RS10685),c.102A>G,p.Ala34Ala	T	T	T	T	C	C	C	T	T	C
NC_007793.1	2112968	A	C	Allele C: synonymous_variant,SAUSA300_RS10705 (SAUSA300_RS10705),c.33T>G,p.Val11Val	A	A	A	C	A	A	A	A	C	C
NC_007793.1	2113266	GTCA	ATCT	Allele ATCT: synonymous_variant,SAUSA300_RS10710 (SAUSA300_RS10710),c.96_99delTGACinsAGAT,p.34	GTCA	ATCT	GTCA	ATCT	ATCT	ATCT	ATCT	GTCA	ATCT	ATCT
NC_007793.1	2121017	T	A	8 nt upstream of SAUSA300_RS10775 ; 51 nt upstream of SAUSA300_RS10780	A	A	T	A	A	A	T	A	A	T
NC_007793.1	2125438	GAAGT	GAGT	194 nt downstream of SAUSA300_RS10820 ; 10 nt upstream of SAUSA300_RS10825	GAGT	GAGT	GAGT	GAGT	GAGT	GAGT	GAGT	GAAGT	GAAGT	GAAGT
NC_007793.1	2125600	C	A	Allele A: synonymous_variant,SAUSA300_RS10825 (SAUSA300_RS10825),c.153C>A,p.Gly51Gly	C	A	A	A	A	A	A	A	A	A
NC_007793.1	2125637	TAATC	TAAATA	7 nt downstream of SAUSA300_RS10825 ; 71 nt upstream of SAUSA300_RS10830	TAATC	TAATC	TAAATA	TAATC	TAAATA	TAAATA	TAATC	TAAATA	TAATC	TAATC
NC_007793.1	2125650	T	C	20 nt downstream of SAUSA300_RS10825 ; 58 nt upstream of SAUSA300_RS10830	T	T	C	T	T	T	T	C	T	T
NC_007793.1	2338262	G	C	Allele C: synonymous_variant,hysA (SAUSA300_RS11915),c.171G>C,p.Leu57Leu	G	G	G	G	G	G	G	C	C	G
NC_007793.1	2338274	T	C	Allele C: synonymous_variant,hysA (SAUSA300_RS11915),c.183T>C,p.Tyr61Tyr	T	T	T	T	T	T	T	C	C	T
NC_007793.1	2338284	A	C	Allele C: missense_variant,hysA (SAUSA300_RS11915),c.193A>C,p.Lys65Gln	A	A	A	C	A	A	A	C	C	A
NC_007793.1	2338875	A	T	Allele T: missense_variant,hysA (SAUSA300_RS11915),c.784A>T,p.Met262Leu	A	A	A	A	A	T	A	T	T	A
NC_007793.1	2338916	C	T	Allele T: synonymous_variant,hysA (SAUSA300_RS11915),c.825C>T,p.Tyr275Tyr	T	C	C	T	C	T	C	T	T	C
NC_007793.1	2338918	TTCAAG	CGCAAA	Allele CGCAAA: missense_variant,hysA (SAUSA300_RS11915),c.827_832delTTCAAGinsCGCAAA,p.ValGlnAsp276AlaGlnAsn	TTCAAG	CGCAAA	CGCAAA	TTCAAG	CGCAAA	TTCAAG	CGCAAA	TTCAAG	TTCAAG	CGCAAA
NC_007793.1	2338937	T	A	Allele A: synonymous_variant,hysA (SAUSA300_RS11915),c.846T>A,p.Gly282Gly	T	A	A	T	A	T	A	T	T	T
NC_007793.1	2338942	AACGT	GTCGC	Allele GTCGC: missense_variant,hysA (SAUSA300_RS11915),c.851_855delAACGTinsGTCGC,p.Glu284Gly	AACGT	AACGT	AACGT	AACGT	AACGT	GTCGC	AACGT	AACGT	GTCGC	AACGT
NC_007793.1	2339163	C	A	Allele A: synonymous_variant,hysA (SAUSA300_RS11915),c.1072C>A,p.Arg358Arg	C	C	A	A	C	C	A	C	C	C
NC_007793.1	2339395	AA	CT	Allele CT: missense_variant,hysA (SAUSA300_RS11915),c.1304_1305delAAinsCT,p.Lys435Thr	AA	AA	AA	AA	AA	CT	AA	CT	AA	AA
NC_007793.1	2339552	T	C	Allele C: synonymous_variant,hysA (SAUSA300_RS11915),c.1461T>C,p.Thr487Thr	T	T	T	T	C	T	T	C	T	T
NC_007793.1	2339588	C	G	Allele G: synonymous_variant,hysA (SAUSA300_RS11915),c.1497C>G,p.Val499Val	C	C	C	C	C	C	C	C	C	G
NC_007793.1	2340005	TTTAA	CTTAG	Allele CTTAG: missense_variant,hysA (SAUSA300_RS11915),c.1914_1918delTTTAAinsCTTAG,p.Asn640Asp	TTTAA	TTTAA	CTTAG	TTTAA	TTTAA	TTTAA	TTTAA	TTTAA	TTTAA	TTTAA
NC_007793.1	2517716	A	G	Allele G: synonymous_variant,SAUSA300_RS12935 (SAUSA300_RS12935),c.2766T>C,p.Gly922Gly	G	G	G	G	G	A	G	G	G	G
NC_007793.1	2605963	A	G	Allele G: synonymous_variant,SAUSA300_RS13395 (SAUSA300_RS13395),c.402T>C,p.Asn134Asn	A	G	A	A	A	A	A	A	A	A
NC_007793.1	2605987	TGGT	AGGC	Allele AGGC: synonymous_variant,SAUSA300_RS13395 (SAUSA300_RS13395),c.375_378delACCAinsGCCT,p.127	TGGT	AGGC	TGGT	TGGT	TGGT	TGGT	TGGT	TGGT	TGGT	TGGT
NC_007793.1	2606360	G	A	Allele A: missense_variant,SAUSA300_RS13395 (SAUSA300_RS13395),c.5C>T,p.Ser2Leu	G	G	G	A	G	A	G	G	G	A
NC_007793.1	2606823	T	G	Allele G: synonymous_variant,SAUSA300_RS13405 (SAUSA300_RS13405),c.231A>C,p.Ala77Ala	G	T	G	T	G	G	G	G	G	T
NC_007793.1	2606862	T	C	Allele C: synonymous_variant,SAUSA300_RS13405 (SAUSA300_RS13405),c.192A>G,p.Val64Val	C	C	T	C	C	T	T	C	C	C
NC_007793.1	2606889	A	G	Allele G: synonymous_variant,SAUSA300_RS13405 (SAUSA300_RS13405),c.165T>C,p.Thr55Thr	A	G	G	G	G	A	A	G	G	G
NC_007793.1	2606892	A	G	Allele G: synonymous_variant,SAUSA300_RS13405 (SAUSA300_RS13405),c.162T>C,p.Asn54Asn	G	A	G	A	A	G	G	A	A	A
NC_007793.1	2606907	G	A	Allele A: synonymous_variant,SAUSA300_RS13405 (SAUSA300_RS13405),c.147C>T,p.Leu49Leu	G	A	G	G	G	G	G	A	G	A
NC_007793.1	2606916	A	G	Allele G: synonymous_variant,SAUSA300_RS13405 (SAUSA300_RS13405),c.138T>C,p.Arg46Arg	A	G	A	A	A	A	A	G	A	A
NC_007793.1	2606929	T	C	Allele C: missense_variant,SAUSA300_RS13405 (SAUSA300_RS13405),c.125A>G,p.Glu42Gly	T	C	T	T	T	T	T	C	C	T
NC_007793.1	2606934	A	G	Allele G: synonymous_variant,SAUSA300_RS13405 (SAUSA300_RS13405),c.120T>C,p.Tyr40Tyr	A	G	A	A	A	A	A	G	G	A
NC_007793.1	2606945	C	A	Allele A: missense_variant,SAUSA300_RS13405 (SAUSA300_RS13405),c.109G>T,p.Ala37Ser	A	C	A	C	C	A	A	C	C	A
NC_007793.1	2606952	T	C	Allele C: synonymous_variant,SAUSA300_RS13405 (SAUSA300_RS13405),c.102A>G,p.Lys34Lys	C	T	C	T	T	C	C	C	T	C
NC_007793.1	2606993	AT	TA	Allele TA: missense_variant,SAUSA300_RS13405 (SAUSA300_RS13405),c.60_61delATinsTA,p.Ser21Thr	TA	TA	TA	AT	AT	TA	TA	AT	TA	TA
NC_007793.1	2609782	G	C	Allele C: synonymous_variant,SAUSA300_RS13430 (SAUSA300_RS13430),c.594C>G,p.Val198Val	C	G	C	C	G	G	C	G	G	C
NC_007793.1	2609816	GCC	TCG	Allele TCG: missense_variant,SAUSA300_RS13430 (SAUSA300_RS13430),c.558_560delGGCinsCGA,p.Ala187Glu	GCC	GCC	GCC	GCC	GCC	GCC	TCG	GCC	GCC	GCC
NC_007793.1	2633105	T	C	Allele C: synonymous_variant,fnbA (SAUSA300_RS13530),c.2697A>G,p.Glu899Glu	C	C	C	C	C	C	C	T	C	C
NC_007793.1	2774880	G	A	Allele A: synonymous_variant,clfB (SAUSA300_RS14270),c.2160C>T,p.Ser720Ser	A	A	G	G	A	G	G	A	A	A
NC_007793.1	2774898	GCTA	ACTG	Allele ACTG: synonymous_variant,clfB (SAUSA300_RS14270),c.2139_2142delTAGCinsCAGT,p.715	ACTG	GCTA	GCTA	ACTG	ACTG	GCTA	GCTA	GCTA	GCTA	ACTG
NC_007793.1	2774967	ATCG	CTCA	Allele CTCA: missense_variant,clfB (SAUSA300_RS14270),c.2070_2073delCGATinsTGAG,p.Asp691Glu	ATCG	ATCG	ATCG	ATCG	ATCG	CTCA	ATCG	ATCG	ATCG	ATCG
