CHROM	POS	REF	ALT	ANNOTATIONS	35AD1Np1	35AD1Np10	35AD1Np2	35AD1Np3	35AD1Np4	35AD1Np5	35AD1Np6	35AD1Np7	35AD1Np8	35AD1Np9	35AD2Np1	35AD2Np10	35AD2Np2	35AD2Np3	35AD2Np4	35AD2Np5	35AD2Np6	35AD2Np7	35AD2Np8	35AD2Np9	35AD3Lp1	35AD3Lp10	35AD3Lp2	35AD3Lp3	35AD3Lp4	35AD3Lp5	35AD3Lp6	35AD3Lp7	35AD3Lp8	35AD3Lp9	35AD3Np1	35AD3Np10	35AD3Np2	35AD3Np3	35AD3Np4	35AD3Np5	35AD3Np6	35AD3Np7	35AD3Np8	35AD3Np9
NC_007793.1	175545	T	G	Allele G: missense_variant,cap8C (SAUSA300_RS00815),c.12T>G,p.Ile4Met	T	T	T	T	T	T	T	T	T	T	T	T	T	T	T	T	T	T	T	T	T	T	T	T	T	T	T	T	T	T	G	G	G	T	G	G	G	G	G	G
NC_007793.1	199852	G	T	Allele T: missense_variant,SAUSA300_RS00930 (SAUSA300_RS00930),c.1026G>T,p.Lys342Asn	T	T	T	T	T	T	T	T	T	T	T	T	T	T	T	T	T	T	T	T	G	T	T	T	T	T	T	T	T	T	T	T	T	T	T	T	T	T	T	T
NC_007793.1	295357	T	G	Allele G: missense_variant,SAUSA300_RS01315 (SAUSA300_RS01315),c.133T>G,p.Tyr45Asp	T	T	T	T	T	T	T	T	T	T	T	T	T	T	T	T	T	T	T	T	T	T	T	T	T	T	T	T	T	T	G	G	G	T	G	G	G	G	G	G
NC_007793.1	355373	A	G	113 nt upstream of SAUSA300_RS01625 ; 124 nt downstream of SAUSA300_RS01630	G	A	G	G	G	A	A	G	G	A	A	A	G	A	A	A	G	G	G	A	G	G	G	G	G	G	G	G	G	G	A	A	A	G	A	A	A	A	A	A
NC_007793.1	401182	C	T	Allele T: missense_variant,SAUSA300_RS01850 (SAUSA300_RS01850),c.139G>A,p.Val47Ile	C	C	C	C	C	C	C	C	C	C	C	C	C	C	C	C	C	C	C	C	C	C	C	C	C	C	C	C	C	C	T	T	T	C	T	T	T	T	T	T
NC_007793.1	418826	TAAAAAAGCG	CTTATTAGCT	Allele CTTATTAGCT: missense_variant,rpsF (SAUSA300_RS01940),c.54_63delTAAAAAAGCGinsCTTATTAGCT,p.LysLys19LeuLeu	TAAAAAAGCG	TAAAAAAGCG	TAAAAAAGCG	TAAAAAAGCG	TAAAAAAGCG	TAAAAAAGCG	TAAAAAAGCG	TAAAAAAGCG	TAAAAAAGCG	TAAAAAAGCG	CTTATTAGCT	CTTATTAGCT	TAAAAAAGCG	TAAAAAAGCG	TAAAAAAGCG	TAAAAAAGCG	TAAAAAAGCG	TAAAAAAGCG	TAAAAAAGCG	TAAAAAAGCG	TAAAAAAGCG	TAAAAAAGCG	TAAAAAAGCG	TAAAAAAGCG	TAAAAAAGCG	TAAAAAAGCG	TAAAAAAGCG	TAAAAAAGCG	TAAAAAAGCG	TAAAAAAGCG	TAAAAAAGCG	TAAAAAAGCG	TAAAAAAGCG	TAAAAAAGCG	TAAAAAAGCG	TAAAAAAGCG	TAAAAAAGCG	TAAAAAAGCG	TAAAAAAGCG	TAAAAAAGCG
NC_007793.1	437193	G	A	Allele A: synonymous_variant,SAUSA300_RS02065 (SAUSA300_RS02065),c.144G>A,p.Gly48Gly	G	G	G	G	G	G	G	G	G	G	G	G	G	G	G	G	G	G	G	A	G	G	G	G	G	G	G	G	G	G	G	G	G	G	G	G	G	G	G	G
NC_007793.1	449588	T	C	Allele C: missense_variant,SAUSA300_RS02125 (SAUSA300_RS02125),c.23T>C,p.Leu8Pro	T	T	T	T	T	T	T	T	T	T	T	T	T	T	T	C	T	T	T	T	T	T	T	T	T	T	T	T	T	T	T	T	T	T	T	T	T	T	T	T
NC_007793.1	481215	C	T	Allele T: synonymous_variant,SAUSA300_RS02285 (SAUSA300_RS02285),c.2137C>T,p.Leu713Leu	T	C	T	T	T	C	C	T	T	C	C	C	T	C	C	C	T	T	T	C	T	T	T	T	T	T	T	T	T	T	C	C	C	T	C	C	C	C	C	C
NC_007793.1	547917	G	A	Allele A: missense_variant,ftsH (SAUSA300_RS02625),c.454G>A,p.Ala152Thr	G	G	G	G	G	G	G	G	G	G	G	G	G	G	G	G	G	G	G	G	G	G	G	G	G	G	G	G	G	G	A	A	A	G	A	A	A	A	A	A
NC_007793.1	613633	T	C	Allele C: synonymous_variant,sdrC (SAUSA300_RS02915),c.2487T>C,p.Asp829Asp	T	T	C	T	C	C	C	C	C	C	T	C	C	C	C	T	T	C	C	C	T	C	C	T	T	T	C	T	C	C	T	T	T	T	T	T	T	T	T	T
NC_007793.1	618190	A	C	Allele C: synonymous_variant,sdrD (SAUSA300_RS02920),c.3834A>C,p.Ser1278Ser	A	A	A	A	A	A	A	A	A	C	A	C	A	A	C	A	C	C	C	C	A	A	A	A	A	A	A	A	A	A	C	C	C	C	C	A	C	C	A	A
NC_007793.1	618201	C	T	Allele T: missense_variant,sdrD (SAUSA300_RS02920),c.3845C>T,p.Ser1282Leu	C	C	C	C	C	C	C	C	T	T	C	T	C	C	T	C	T	T	T	T	C	C	C	C	C	C	C	C	C	C	T	T	T	T	T	T	T	T	C	T
NC_007793.1	619129	TGAAAATAATTCGACAACAG	TGAAAATAATTCGACAACAGAAAATAATTCGACAACAG	Allele TGAAAATAATTCGACAACAGAAAATAATTCGACAACAG: disruptive_inframe_insertion,sdrE (SAUSA300_RS02925),c.246_263dupGACAACAGAAAATAATTC,p.Ser88_Thr89insThrThrGluAsnAsnSer	TGAAAATAATTCGACAACAGAAAATAATTCGACAACAG	TGAAAATAATTCGACAACAGAAAATAATTCGACAACAG	TGAAAATAATTCGACAACAG	TGAAAATAATTCGACAACAG	TGAAAATAATTCGACAACAGAAAATAATTCGACAACAG	TGAAAATAATTCGACAACAGAAAATAATTCGACAACAG	TGAAAATAATTCGACAACAGAAAATAATTCGACAACAG	TGAAAATAATTCGACAACAGAAAATAATTCGACAACAG	TGAAAATAATTCGACAACAGAAAATAATTCGACAACAG	TGAAAATAATTCGACAACAG	TGAAAATAATTCGACAACAGAAAATAATTCGACAACAG	TGAAAATAATTCGACAACAGAAAATAATTCGACAACAG	TGAAAATAATTCGACAACAGAAAATAATTCGACAACAG	TGAAAATAATTCGACAACAG	TGAAAATAATTCGACAACAGAAAATAATTCGACAACAG	TGAAAATAATTCGACAACAGAAAATAATTCGACAACAG	TGAAAATAATTCGACAACAGAAAATAATTCGACAACAG	TGAAAATAATTCGACAACAGAAAATAATTCGACAACAG	TGAAAATAATTCGACAACAG	TGAAAATAATTCGACAACAGAAAATAATTCGACAACAG	TGAAAATAATTCGACAACAG	TGAAAATAATTCGACAACAG	TGAAAATAATTCGACAACAGAAAATAATTCGACAACAG	TGAAAATAATTCGACAACAGAAAATAATTCGACAACAG	TGAAAATAATTCGACAACAGAAAATAATTCGACAACAG	TGAAAATAATTCGACAACAGAAAATAATTCGACAACAG	TGAAAATAATTCGACAACAGAAAATAATTCGACAACAG	TGAAAATAATTCGACAACAGAAAATAATTCGACAACAG	TGAAAATAATTCGACAACAGAAAATAATTCGACAACAG	TGAAAATAATTCGACAACAGAAAATAATTCGACAACAG	TGAAAATAATTCGACAACAGAAAATAATTCGACAACAG	TGAAAATAATTCGACAACAGAAAATAATTCGACAACAG	TGAAAATAATTCGACAACAGAAAATAATTCGACAACAG	TGAAAATAATTCGACAACAGAAAATAATTCGACAACAG	TGAAAATAATTCGACAACAG	TGAAAATAATTCGACAACAGAAAATAATTCGACAACAG	TGAAAATAATTCGACAACAGAAAATAATTCGACAACAG	TGAAAATAATTCGACAACAGAAAATAATTCGACAACAG	TGAAAATAATTCGACAACAG	TGAAAATAATTCGACAACAGAAAATAATTCGACAACAG
NC_007793.1	622114	C	T	Allele T: synonymous_variant,sdrE (SAUSA300_RS02925),c.3219C>T,p.Ser1073Ser	C	T	T	C	C	C	T	T	T	T	T	T	T	T	C	T	T	T	T	T	T	C	T	T	T	T	C	T	C	T	T	C	T	T	T	T	T	T	T	C
NC_007793.1	642995	GAAAAAAATTC	GAAAAAATTC	185 nt upstream of SAUSA300_RS03040 ; 364 nt downstream of SAUSA300_RS03045	GAAAAAAATTC	GAAAAAAATTC	GAAAAAAATTC	GAAAAAAATTC	GAAAAAAATTC	GAAAAAAATTC	GAAAAAAATTC	GAAAAAAATTC	GAAAAAAATTC	GAAAAAAATTC	GAAAAAAATTC	GAAAAAAATTC	GAAAAAAATTC	GAAAAAAATTC	GAAAAAAATTC	GAAAAAAATTC	GAAAAAAATTC	GAAAAAAATTC	GAAAAAAATTC	GAAAAAAATTC	GAAAAAATTC	GAAAAAATTC	GAAAAAATTC	GAAAAAATTC	GAAAAAATTC	GAAAAAATTC	GAAAAAATTC	GAAAAAATTC	GAAAAAATTC	GAAAAAATTC	GAAAAAAATTC	GAAAAAAATTC	GAAAAAAATTC	GAAAAAATTC	GAAAAAAATTC	GAAAAAAATTC	GAAAAAAATTC	GAAAAAAATTC	GAAAAAAATTC	GAAAAAAATTC
NC_007793.1	651905	T	G	Allele G: missense_variant,hypR (SAUSA300_RS03085),c.103A>C,p.Asn35His	T	T	T	T	T	T	T	T	T	T	T	T	T	T	T	T	T	T	T	T	T	T	T	T	T	T	T	T	T	T	T	T	T	T	T	G	T	T	T	T
NC_007793.1	722287	T	C	Allele C: missense_variant,vraG (SAUSA300_RS03475),c.668T>C,p.Val223Ala	T	T	T	T	T	T	T	T	T	T	T	T	T	T	T	T	T	T	T	T	T	T	T	T	T	T	T	T	T	T	C	C	C	T	C	C	C	C	C	C
NC_007793.1	754097	C	T	Allele T: missense_variant,SAUSA300_RS03645 (SAUSA300_RS03645),c.112G>A,p.Val38Ile	C	C	C	C	C	C	C	C	C	C	C	C	C	C	C	C	T	C	C	C	C	C	C	C	C	C	C	C	C	C	C	C	C	C	C	C	C	C	C	C
NC_007793.1	788077	G	A	148 nt downstream of SAUSA300_RS03810 ; 476 nt downstream of SAUSA300_RS03815	A	A	A	A	A	A	A	A	A	A	A	A	A	A	A	A	A	A	A	A	A	A	A	A	A	A	A	A	A	A	A	A	G	A	A	A	A	A	A	A
NC_007793.1	794436	T	G	Allele G: missense_variant,nrdE (SAUSA300_RS03845),c.303T>G,p.Phe101Leu	T	T	T	T	T	T	T	T	T	T	T	T	T	T	T	T	T	T	T	T	T	T	T	T	T	T	T	T	T	T	T	T	T	T	G	T	T	T	T	T
NC_007793.1	798468	A	T	Allele T: missense_variant,SAUSA300_RS03865 (SAUSA300_RS03865),c.433A>T,p.Met145Leu	A	A	A	A	A	A	A	A	T	A	A	A	A	A	A	A	A	A	A	A	A	A	A	A	A	A	A	A	A	A	A	A	A	A	A	A	A	A	A	A
NC_007793.1	822927	A	C	Allele C: synonymous_variant,SAUSA300_RS03990 (SAUSA300_RS03990),c.135A>C,p.Ala45Ala	A	A	A	A	A	A	A	A	A	A	A	A	A	A	A	A	A	A	A	A	A	A	A	A	A	A	A	A	A	A	C	A	A	A	C	A	C	A	A	A
NC_007793.1	861862	A	G	Allele G: synonymous_variant,clfA (SAUSA300_RS04165),c.2715A>G,p.Ala905Ala	G	G	G	G	G	G	G	G	G	G	G	G	G	G	G	G	G	G	G	G	G	G	G	G	G	G	G	G	G	G	A	A	A	G	A	A	A	A	A	A
NC_007793.1	872148	GAAAAAACT	GAAAAAAACT	35 nt upstream of SAUSA300_RS04235 ; 120 nt downstream of SAUSA300_RS04240	GAAAAAAACT	GAAAAAAACT	GAAAAAAACT	GAAAAAAACT	GAAAAAAACT	GAAAAAAACT	GAAAAAAACT	GAAAAAAACT	GAAAAAAACT	GAAAAAAACT	GAAAAAACT	GAAAAAAACT	GAAAAAAACT	GAAAAAAACT	GAAAAAAACT	GAAAAAAACT	GAAAAAAACT	GAAAAAAACT	GAAAAAAACT	GAAAAAAACT	GAAAAAAACT	GAAAAAAACT	GAAAAAAACT	GAAAAAAACT	GAAAAAAACT	GAAAAAAACT	GAAAAAAACT	GAAAAAAACT	GAAAAAAACT	GAAAAAAACT	GAAAAAAACT	GAAAAAAACT	GAAAAAAACT	GAAAAAAACT	GAAAAAAACT	GAAAAAAACT	GAAAAAAACT	GAAAAAAACT	GAAAAAAACT	GAAAAAAACT
NC_007793.1	904693	C	A	Allele A: missense_variant,SAUSA300_RS04445 (SAUSA300_RS04445),c.392C>A,p.Pro131His	C	C	C	C	C	C	C	C	C	C	C	C	C	C	A	C	C	C	C	C	C	C	C	C	C	C	C	C	C	C	C	C	C	C	C	C	C	C	C	C
NC_007793.1	1140536	A	G	Allele G: synonymous_variant,SAUSA300_RS05615 (SAUSA300_RS05615),c.1008A>G,p.Gly336Gly	A	A	A	A	A	A	A	A	A	G	A	A	A	A	A	A	A	A	A	A	A	A	A	A	A	A	A	A	A	A	A	A	A	A	A	A	A	A	A	A
NC_007793.1	1352615	T	G	138 nt downstream of SAUSA300_RS06690 ; 19 nt upstream of SAUSA300_RS06695	T	T	T	T	T	T	T	T	T	T	T	T	T	T	T	T	T	T	T	T	T	T	T	T	T	T	T	T	T	T	G	G	G	T	G	G	G	G	G	G
NC_007793.1	1397369	T	C	Allele C: synonymous_variant,femA (SAUSA300_RS06890),c.324T>C,p.Asp108Asp	C	T	C	C	C	T	T	C	C	T	T	T	T	T	T	T	T	T	T	T	T	T	T	T	T	T	T	T	T	T	T	T	T	T	T	T	T	T	T	T
NC_007793.1	1447522	A	G	Allele G: synonymous_variant,SAUSA300_RS07150 (SAUSA300_RS07150),c.390T>C,p.Gly130Gly	A	A	A	A	A	A	A	A	A	A	A	A	G	A	A	A	A	A	A	A	A	A	A	A	A	A	A	A	A	A	A	A	A	A	A	A	A	A	A	A
NC_007793.1	1462515	T	G	Allele G: missense_variant,ebh (SAUSA300_RS07235),c.25562A>C,p.Gln8521Pro	T	T	T	T	T	T	T	T	T	T	T	T	T	T	T	T	T	T	T	T	T	T	T	T	T	T	T	T	T	T	G	G	G	T	G	G	G	G	G	G
NC_007793.1	1473535	C	T	Allele T: missense_variant,ebh (SAUSA300_RS07235),c.14542G>A,p.Val4848Ile	T	T	T	T	T	T	T	T	T	T	T	T	T	T	T	T	T	T	T	T	T	T	T	T	T	T	T	T	T	T	C	C	C	T	C	C	C	C	C	C
NC_007793.1	1477629	G	A	Allele A: missense_variant,ebh (SAUSA300_RS07235),c.10448C>T,p.Ala3483Val	G	G	G	G	G	G	G	G	G	G	G	G	G	G	G	G	G	G	G	G	G	G	G	G	G	G	G	G	G	G	G	A	G	G	G	G	G	G	G	G
NC_007793.1	1491061	C	A	Allele A: missense_variant,SAUSA300_RS07245 (SAUSA300_RS07245),c.284G>T,p.Trp95Leu	C	C	C	C	C	C	C	C	C	C	C	C	C	C	C	C	C	C	C	C	A	A	A	A	A	A	A	A	A	A	C	C	C	C	C	C	C	C	C	C
NC_007793.1	1517732	CTTTTTTTCAC	CTTTTTTCAC	Allele CTTTTTTCAC: frameshift_variant,SAUSA300_RS07360 (SAUSA300_RS07360),c.146delA,p.Lys51fs	CTTTTTTTCAC	CTTTTTTTCAC	CTTTTTTTCAC	CTTTTTTTCAC	CTTTTTTTCAC	CTTTTTTTCAC	CTTTTTTTCAC	CTTTTTTTCAC	CTTTTTTTCAC	CTTTTTTTCAC	CTTTTTTTCAC	CTTTTTTTCAC	CTTTTTTTCAC	CTTTTTTTCAC	CTTTTTTTCAC	CTTTTTTTCAC	CTTTTTTTCAC	CTTTTTTTCAC	CTTTTTTTCAC	CTTTTTTTCAC	CTTTTTTTCAC	CTTTTTTTCAC	CTTTTTTTCAC	CTTTTTTTCAC	CTTTTTTTCAC	CTTTTTTTCAC	CTTTTTTTCAC	CTTTTTTTCAC	CTTTTTTTCAC	CTTTTTTTCAC	CTTTTTTCAC	CTTTTTTCAC	CTTTTTTCAC	CTTTTTTTCAC	CTTTTTTCAC	CTTTTTTCAC	CTTTTTTCAC	CTTTTTTCAC	CTTTTTTCAC	CTTTTTTCAC
NC_007793.1	1694520	T	C	349 nt upstream of SAUSA300_RS08410 ; 214 nt downstream of SAUSA300_RS08420	T	T	T	T	C	C	T	T	T	T	T	T	T	T	T	T	T	T	T	T	T	T	T	T	T	T	T	T	T	T	C	T	C	C	T	C	C	T	C	C
NC_007793.1	1720988	A	G	Allele G: missense_variant,SAUSA300_RS08570 (SAUSA300_RS08570),c.299T>C,p.Met100Thr	A	A	A	A	A	A	A	A	A	A	G	G	A	A	A	A	A	A	A	A	A	A	A	A	A	A	A	A	A	A	A	A	A	A	A	A	A	A	A	A
NC_007793.1	1741823	A	G	Allele G: missense_variant,SAUSA300_RS08665 (SAUSA300_RS08665),c.1313T>C,p.Val438Ala	A	A	A	A	A	A	A	A	A	A	A	A	A	A	A	A	A	A	A	A	A	A	A	A	A	A	A	A	A	A	G	G	G	A	G	G	G	G	G	G
NC_007793.1	1836781	A	G	Allele G: missense_variant,SAUSA300_RS09125 (SAUSA300_RS09125),c.826T>C,p.Tyr276His	A	A	A	A	A	A	A	A	A	A	A	A	A	A	A	A	A	A	A	A	G	G	G	G	G	G	G	G	G	G	A	A	A	G	A	A	A	A	A	A
NC_007793.1	1849009	T	C	144 nt upstream of SAUSA300_RS09165 ; 296 nt downstream of SAUSA300_RS09170	T	C	T	T	T	C	C	T	T	C	C	C	T	C	C	C	T	T	T	C	T	T	T	T	T	T	T	T	T	T	T	T	T	T	T	T	T	T	T	T
NC_007793.1	1915415	TAAATTATC	TAATTATC	344 nt upstream of SAUSA300_RS09465 ; 27 nt upstream of SAUSA300_RS09470	TAATTATC	TAAATTATC	TAATTATC	TAATTATC	TAATTATC	TAAATTATC	TAAATTATC	TAATTATC	TAATTATC	TAAATTATC	TAAATTATC	TAAATTATC	TAATTATC	TAAATTATC	TAAATTATC	TAAATTATC	TAATTATC	TAATTATC	TAATTATC	TAAATTATC	TAATTATC	TAATTATC	TAATTATC	TAATTATC	TAATTATC	TAATTATC	TAATTATC	TAATTATC	TAATTATC	TAATTATC	TAAATTATC	TAAATTATC	TAAATTATC	TAATTATC	TAAATTATC	TAAATTATC	TAAATTATC	TAAATTATC	TAAATTATC	TAAATTATC
NC_007793.1	1940655	T	C	Allele C: synonymous_variant,splD (SAUSA300_RS09605),c.564A>G,p.Gln188Gln	C	C	C	C	C	C	C	C	C	C	C	C	C	C	C	C	C	C	C	C	C	C	C	C	C	C	C	C	C	C	C	C	C	C	C	C	C	T	C	C
NC_007793.1	2104353	CTTTTTTTTGTAA	CTTTTTTTGTAA	Allele CTTTTTTTGTAA: frameshift_variant,SAUSA300_RS10630 (SAUSA300_RS10630),c.212delA,p.Ala74fs	CTTTTTTTTGTAA	CTTTTTTTTGTAA	CTTTTTTTTGTAA	CTTTTTTTTGTAA	CTTTTTTTTGTAA	CTTTTTTTTGTAA	CTTTTTTTTGTAA	CTTTTTTTTGTAA	CTTTTTTTTGTAA	CTTTTTTTTGTAA	CTTTTTTTTGTAA	CTTTTTTTTGTAA	CTTTTTTTTGTAA	CTTTTTTTTGTAA	CTTTTTTTTGTAA	CTTTTTTTGTAA	CTTTTTTTTGTAA	CTTTTTTTTGTAA	CTTTTTTTTGTAA	CTTTTTTTTGTAA	CTTTTTTTTGTAA	CTTTTTTTTGTAA	CTTTTTTTTGTAA	CTTTTTTTTGTAA	CTTTTTTTTGTAA	CTTTTTTTTGTAA	CTTTTTTTTGTAA	CTTTTTTTTGTAA	CTTTTTTTTGTAA	CTTTTTTTTGTAA	CTTTTTTTTGTAA	CTTTTTTTTGTAA	CTTTTTTTTGTAA	CTTTTTTTTGTAA	CTTTTTTTTGTAA	CTTTTTTTTGTAA	CTTTTTTTTGTAA	CTTTTTTTTGTAA	CTTTTTTTTGTAA	CTTTTTTTTGTAA
NC_007793.1	2124978	GTTTTTGGA	GTTTTTTGGA	Allele GTTTTTTGGA: frameshift_variant,SAUSA300_RS10820 (SAUSA300_RS10820),c.81dupT,p.Gly28fs	GTTTTTGGA	GTTTTTGGA	GTTTTTGGA	GTTTTTGGA	GTTTTTGGA	GTTTTTGGA	GTTTTTGGA	GTTTTTGGA	GTTTTTGGA	GTTTTTGGA	GTTTTTGGA	GTTTTTGGA	GTTTTTGGA	GTTTTTGGA	GTTTTTGGA	GTTTTTGGA	GTTTTTGGA	GTTTTTGGA	GTTTTTGGA	GTTTTTGGA	GTTTTTGGA	GTTTTTGGA	GTTTTTGGA	GTTTTTGGA	GTTTTTGGA	GTTTTTGGA	GTTTTTGGA	GTTTTTGGA	GTTTTTGGA	GTTTTTGGA	GTTTTTTGGA	GTTTTTTGGA	GTTTTTTGGA	GTTTTTGGA	GTTTTTTGGA	GTTTTTTGGA	GTTTTTTGGA	GTTTTTTGGA	GTTTTTTGGA	GTTTTTTGGA
NC_007793.1	2172551	A	C	Allele C: synonymous_variant,leuC (SAUSA300_RS11065),c.177A>C,p.Ala59Ala	A	A	A	A	A	A	A	A	A	A	A	A	A	A	A	A	A	A	A	A	A	A	A	A	A	A	A	A	A	A	C	C	C	A	C	C	C	C	C	C
NC_007793.1	2307067	T	C	Allele C: synonymous_variant,SAUSA300_RS11745 (SAUSA300_RS11745),c.420A>G,p.Pro140Pro	T	T	T	T	T	C	T	T	T	T	T	T	T	T	T	T	T	T	T	T	T	T	T	T	T	T	T	T	T	T	T	T	T	T	T	T	T	T	T	T
NC_007793.1	2326737	G	A	Allele A: synonymous_variant,lacG (SAUSA300_RS11840),c.1047C>T,p.Ile349Ile	G	G	G	G	G	G	G	G	G	G	G	G	G	G	G	G	G	G	G	G	A	A	A	A	A	A	A	A	A	A	G	G	G	A	G	G	G	G	G	G
NC_007793.1	2328430	C	A	Allele A: missense_variant,SAUSA300_RS11845 (SAUSA300_RS11845),c.1084G>T,p.Val362Leu	C	C	C	C	C	C	C	C	C	C	C	C	C	C	C	C	C	C	C	C	C	C	C	C	C	C	C	C	C	C	A	A	A	C	A	A	A	A	A	A
NC_007793.1	2373673	C	T	48 nt upstream of SAUSA300_RS12165 ; 65 nt downstream of SAUSA300_RS12170	C	C	C	C	C	C	C	C	C	C	C	C	C	C	T	C	C	C	C	C	C	C	C	C	C	C	C	C	C	C	C	C	C	C	C	C	C	C	C	C
NC_007793.1	2471691	A	C	7 nt upstream of SAUSA300_RS12695 ; 6 nt downstream of SAUSA300_RS12700	A	A	A	A	A	A	A	A	A	A	A	A	A	A	A	A	A	A	A	A	A	A	A	A	A	A	A	C	A	A	A	A	A	A	A	A	A	A	A	A
NC_007793.1	2559397	T	G	Allele G: stop_gained,SAUSA300_RS13160 (SAUSA300_RS13160),c.953T>G,p.Leu318*	T	T	T	T	T	T	T	T	T	T	T	T	T	T	T	T	T	T	T	T	T	T	T	T	T	T	T	T	T	T	T	T	T	T	T	G	T	T	T	T
NC_007793.1	2561219	G	A	Allele A: synonymous_variant,SAUSA300_RS13175 (SAUSA300_RS13175),c.672C>T,p.Gly224Gly	G	A	G	G	G	A	A	G	G	A	A	A	G	A	A	A	G	G	G	A	G	G	G	G	G	G	G	G	G	G	G	G	G	G	G	G	G	G	G	G
NC_007793.1	2667437	A	C	Allele C: synonymous_variant,SAUSA300_RS13710 (SAUSA300_RS13710),c.609T>G,p.Gly203Gly	A	A	A	A	A	A	A	A	A	A	A	A	A	A	A	A	A	A	A	A	A	A	A	A	A	A	A	A	A	A	C	C	C	A	C	C	C	C	C	C
NC_007793.1	2775052	T	C	Allele C: missense_variant,clfB (SAUSA300_RS14270),c.1988A>G,p.Asp663Gly	T	T	T	T	T	T	T	T	T	T	T	T	T	T	T	T	T	T	C	T	T	T	T	T	T	T	T	T	T	T	T	T	T	T	T	T	T	T	T	T
