CHROM	POS	REF	ALT	ANNOTATIONS	24C1Rp1	24C1Rp2	24C1Rp3
NC_007790.1	2003	GTG	ATA	236 nt downstream of SAUSA300_RS14710 ; 90 nt downstream of SAUSA300_RS14715	ATA	GTG	GTG
NC_007790.1	2021	C	T	254 nt downstream of SAUSA300_RS14710 ; 72 nt downstream of SAUSA300_RS14715	T	C	C
NC_007793.1	122802	C	T	37 nt upstream of SAUSA300_RS00560 ; 137 nt downstream of SAUSA300_RS00565	T	T	C
NC_007793.1	306281	G	T	Allele T: missense_variant,SAUSA300_RS01355 (SAUSA300_RS01355),c.181G>T,p.Val61Phe	T	T	G
NC_007793.1	351989	G	A	Allele A: missense_variant,SAUSA300_RS01605 (SAUSA300_RS01605),c.317G>A,p.Ser106Asn	G	A	A
NC_007793.1	450626	T	C	Allele C: missense_variant,SAUSA300_RS02130 (SAUSA300_RS02130),c.815T>C,p.Met272Thr	C	T	C
NC_007793.1	450633	C	T	Allele T: synonymous_variant,SAUSA300_RS02130 (SAUSA300_RS02130),c.822C>T,p.Asn274Asn	C	T	C
NC_007793.1	450639	A	G	Allele G: synonymous_variant,SAUSA300_RS02130 (SAUSA300_RS02130),c.828A>G,p.Gly276Gly	G	A	G
NC_007793.1	457737	C	T	Allele T: missense_variant,SAUSA300_RS02175 (SAUSA300_RS02175),c.242C>T,p.Ala81Val	C	T	T
NC_007793.1	457789	T	C	Allele C: synonymous_variant,SAUSA300_RS02175 (SAUSA300_RS02175),c.294T>C,p.Ser98Ser	T	C	C
NC_007793.1	457800	G	A	Allele A: missense_variant,SAUSA300_RS02175 (SAUSA300_RS02175),c.305G>A,p.Arg102His	G	A	A
NC_007793.1	457864	A	T	Allele T: synonymous_variant,SAUSA300_RS02175 (SAUSA300_RS02175),c.369A>T,p.Thr123Thr	T	T	A
NC_007793.1	457996	C	T	Allele T: synonymous_variant,SAUSA300_RS02175 (SAUSA300_RS02175),c.501C>T,p.Asp167Asp	T	T	C
NC_007793.1	458095	A	T	Allele T: synonymous_variant,SAUSA300_RS02175 (SAUSA300_RS02175),c.600A>T,p.Ala200Ala	A	T	A
NC_007793.1	466229	C	T	Allele T: synonymous_variant,lpl4 (SAUSA300_RS02215),c.129C>T,p.Ile43Ile	T	C	T
NC_007793.1	466243	C	A	Allele A: missense_variant,lpl4 (SAUSA300_RS02215),c.143C>A,p.Ala48Glu	A	C	A
NC_007793.1	468985	A	C	Allele C: missense_variant,lpl7 (SAUSA300_RS02230),c.400A>C,p.Asn134His	C	A	A
NC_007793.1	471852	T	G	Allele G: synonymous_variant,lpl10 (SAUSA300_RS02245),c.513T>G,p.Ala171Ala	G	T	G
NC_007793.1	512187	T	G	150 nt downstream of SAUSA300_RS02430 ; 55 nt upstream of SAUSA300_RS02435	G	T	T
NC_007793.1	512225	C	T	188 nt downstream of SAUSA300_RS02430 ; 17 nt upstream of SAUSA300_RS02435	T	C	C
NC_007793.1	512241	T	A	204 nt downstream of SAUSA300_RS02430 ; 1 nt upstream of SAUSA300_RS02435	A	T	T
NC_007793.1	512839	T	G	499 nt downstream of SAUSA300_RS02435 ; 52 nt upstream of SAUSA300_RS02440	G	G	T
NC_007793.1	514654	C	G	212 nt downstream of SAUSA300_RS02440 ; 155 nt upstream of SAUSA300_RS02445	G	G	C
NC_007793.1	518060	C	T	142 nt downstream of SAUSA300_RS02450 ; 741 nt upstream of SAUSA300_RS02455	C	T	T
NC_007793.1	518571	A	G	653 nt downstream of SAUSA300_RS02450 ; 230 nt upstream of SAUSA300_RS02455	A	A	G
NC_007793.1	575546	T	G	Allele G: missense_variant,gltX (SAUSA300_RS02750),c.967T>G,p.Trp323Gly	G	G	T
NC_007793.1	621769	C	T	Allele T: synonymous_variant,sdrE (SAUSA300_RS02925),c.2874C>T,p.Asp958Asp	T	T	C
NC_007793.1	621868	A	C	Allele C: synonymous_variant,sdrE (SAUSA300_RS02925),c.2973A>C,p.Ser991Ser	C	C	A
NC_007793.1	621889	C	A	Allele A: missense_variant,sdrE (SAUSA300_RS02925),c.2994C>A,p.Asp998Glu	A	A	C
NC_007793.1	621968	AGCGAC	AGTGAG	Allele AGTGAG: missense_variant,sdrE (SAUSA300_RS02925),c.3075_3078delCGACinsTGAG,p.Asp1026Glu	AGTGAG	AGCGAC	AGTGAG
NC_007793.1	621985	T	C	Allele C: synonymous_variant,sdrE (SAUSA300_RS02925),c.3090T>C,p.Asp1030Asp	T	C	T
NC_007793.1	861307	C	T	Allele T: synonymous_variant,clfA (SAUSA300_RS04165),c.2160C>T,p.Asp720Asp	C	T	T
NC_007793.1	1166807	AGTACCT	GGTTCCC	Allele GGTTCCC: synonymous_variant,SAUSA300_RS05775 (SAUSA300_RS05775),c.237_243delAGGTACTinsGGGAACC,p.82	AGTACCT	GGTTCCC	AGTACCT
NC_007793.1	1166819	G	T	Allele T: synonymous_variant,SAUSA300_RS05775 (SAUSA300_RS05775),c.231C>A,p.Gly77Gly	G	T	G
NC_007793.1	1329869	TAAC	GAAA	72 nt downstream of SAUSA300_RS06540 ; 311 nt upstream of SAUSA300_RS06555	TAAC	TAAC	GAAA
NC_007793.1	1329886	A	G	89 nt downstream of SAUSA300_RS06540 ; 294 nt upstream of SAUSA300_RS06555	G	G	A
NC_007793.1	1330492	T	C	Allele C: synonymous_variant,SAUSA300_RS16000 (SAUSA300_RS16000),c.105T>C,p.Leu35Leu	T	T	C
NC_007793.1	1333901	TGT	TT	30 nt downstream of SAUSA300_RS06590 ; 28 nt upstream of SAUSA300_RS06595	TT	TT	TGT
NC_007793.1	1458960	T	A	Allele A: missense_variant,ebh (SAUSA300_RS07235),c.29117A>T,p.Asn9706Ile	T	A	T
NC_007793.1	1632693	C	G	Allele G: synonymous_variant,SAUSA300_RS08075 (SAUSA300_RS08075),c.381G>C,p.Thr127Thr	G	G	C
NC_007793.1	1633791	T	C	Allele C: synonymous_variant,SAUSA300_RS08080 (SAUSA300_RS08080),c.336A>G,p.Ser112Ser	C	T	C
NC_007793.1	1634440	T	C	Allele C: synonymous_variant,SAUSA300_RS08085 (SAUSA300_RS08085),c.1524A>G,p.Ser508Ser	C	T	T
NC_007793.1	1634521	A	T	Allele T: missense_variant,SAUSA300_RS08085 (SAUSA300_RS08085),c.1443T>A,p.Asp481Glu	T	A	A
NC_007793.1	1634623	T	C	Allele C: synonymous_variant,SAUSA300_RS08085 (SAUSA300_RS08085),c.1341A>G,p.Lys447Lys	T	T	C
NC_007793.1	1634833	T	A	Allele A: missense_variant,SAUSA300_RS08085 (SAUSA300_RS08085),c.1131A>T,p.Glu377Asp	T	A	T
NC_007793.1	1634998	G	A	Allele A: synonymous_variant,SAUSA300_RS08085 (SAUSA300_RS08085),c.966C>T,p.Phe322Phe	A	G	A
NC_007793.1	1635043	T	A	Allele A: synonymous_variant,SAUSA300_RS08085 (SAUSA300_RS08085),c.921A>T,p.Ile307Ile	A	T	T
NC_007793.1	1635058	TATC	AATT	Allele AATT: synonymous_variant,SAUSA300_RS08085 (SAUSA300_RS08085),c.903_906delGATAinsAATT,p.303	AATT	TATC	TATC
NC_007793.1	1635072	GT	CA	Allele CA: missense_variant,SAUSA300_RS08085 (SAUSA300_RS08085),c.891_892delACinsTG,p.Leu298Val	CA	GT	GT
NC_007793.1	1635381	A	T	Allele T: missense_variant,SAUSA300_RS08085 (SAUSA300_RS08085),c.583T>A,p.Ser195Thr	A	A	T
NC_007793.1	1635562	A	G	Allele G: synonymous_variant,SAUSA300_RS08085 (SAUSA300_RS08085),c.402T>C,p.Cys134Cys	A	G	A
NC_007793.1	1636937	T	C	Allele C: synonymous_variant,SAUSA300_RS08090 (SAUSA300_RS08090),c.390A>G,p.Thr130Thr	C	T	T
NC_007793.1	1637045	C	T	Allele T: synonymous_variant,SAUSA300_RS08090 (SAUSA300_RS08090),c.282G>A,p.Leu94Leu	T	C	T
NC_007793.1	1637066	T	A	Allele A: synonymous_variant,SAUSA300_RS08090 (SAUSA300_RS08090),c.261A>T,p.Ile87Ile	A	T	A
NC_007793.1	1637074	A	G	Allele G: missense_variant,SAUSA300_RS08090 (SAUSA300_RS08090),c.253T>C,p.Phe85Leu	G	A	G
NC_007793.1	1637081	A	G	Allele G: synonymous_variant,SAUSA300_RS08090 (SAUSA300_RS08090),c.246T>C,p.Ile82Ile	G	A	G
NC_007793.1	1637380	T	C	Allele C: splice_region_variant&stop_retained_variant,SAUSA300_RS08095 (SAUSA300_RS08095),c.2496A>G,p.Ter832Ter	T	C	T
NC_007793.1	1638529	G	A	Allele A: synonymous_variant,SAUSA300_RS08095 (SAUSA300_RS08095),c.1347C>T,p.Ala449Ala	A	G	A
NC_007793.1	1639210	A	G	Allele G: synonymous_variant,SAUSA300_RS08095 (SAUSA300_RS08095),c.666T>C,p.Pro222Pro	A	G	G
NC_007793.1	1639417	C	A	Allele A: synonymous_variant,SAUSA300_RS08095 (SAUSA300_RS08095),c.459G>T,p.Val153Val	C	C	A
NC_007793.1	1639978	A	G	Allele G: synonymous_variant,SAUSA300_RS08100 (SAUSA300_RS08100),c.316T>C,p.Leu106Leu	G	A	G
NC_007793.1	1639982	C	A	Allele A: synonymous_variant,SAUSA300_RS08100 (SAUSA300_RS08100),c.312G>T,p.Val104Val	C	A	C
NC_007793.1	1640033	T	A	Allele A: synonymous_variant,SAUSA300_RS08100 (SAUSA300_RS08100),c.261A>T,p.Gly87Gly	T	A	T
NC_007793.1	1640042	T	C	Allele C: synonymous_variant,SAUSA300_RS08100 (SAUSA300_RS08100),c.252A>G,p.Lys84Lys	T	C	T
NC_007793.1	1640114	C	A	Allele A: synonymous_variant,SAUSA300_RS08100 (SAUSA300_RS08100),c.180G>T,p.Ser60Ser	C	A	C
NC_007793.1	1640331	CACCTGCAATC	TACCAGAAATT	Allele TACCAGAAATT: missense_variant,SAUSA300_RS08105 (SAUSA300_RS08105),c.225_235delGATTGCAGGTGinsAATTTCTGGTA,p.AlaGlyVal77SerGlyIle	TACCAGAAATT	CACCTGCAATC	TACCAGAAATT
NC_007793.1	1642756	T	C	Allele C: missense_variant,SAUSA300_RS08115 (SAUSA300_RS08115),c.22A>G,p.Thr8Ala	T	T	C
NC_007793.1	1643932	T	C	Allele C: missense_variant,SAUSA300_RS08130 (SAUSA300_RS08130),c.92A>G,p.Lys31Arg	C	T	C
NC_007793.1	1831345	CAAAAAAGAATT	CAAAAAAAGAATT	215 nt downstream of SAUSA300_RS09085 ; 29 nt upstream of SAUSA300_RS09090	CAAAAAAGAATT	CAAAAAAGAATT	CAAAAAAAGAATT
NC_007793.1	1875098	G	T	Allele T: missense_variant,SAUSA300_RS09285 (SAUSA300_RS09285),c.1019C>A,p.Thr340Lys	G	G	T
NC_007793.1	1892192	A	G	Allele G: synonymous_variant,SAUSA300_RS09335 (SAUSA300_RS09335),c.198T>C,p.Tyr66Tyr	G	A	G
NC_007793.1	1900795	G	T	Allele T: missense_variant,SAUSA300_RS09380 (SAUSA300_RS09380),c.19G>T,p.Ala7Ser	G	G	T
NC_007793.1	1900840	C	T	Allele T: synonymous_variant,SAUSA300_RS09380 (SAUSA300_RS09380),c.64C>T,p.Leu22Leu	C	C	T
NC_007793.1	1900860	AGAGT	TGAGC	Allele TGAGC: synonymous_variant,SAUSA300_RS09380 (SAUSA300_RS09380),c.84_88delAGAGTinsTGAGC,p.31	AGAGT	AGAGT	TGAGC
NC_007793.1	1928952	TTC	CTA	38 nt upstream of SAUSA300_RS09560 ; 165 nt upstream of SAUSA300_RS15795	TTC	CTA	TTC
NC_007793.1	1929062	G	A	148 nt upstream of SAUSA300_RS09560 ; 55 nt upstream of SAUSA300_RS15795	G	G	A
NC_007793.1	1936768	A	C	Allele C: missense_variant,SAUSA300_RS09580 (SAUSA300_RS09580),c.76T>G,p.Leu26Val	A	A	C
NC_007793.1	1937712	CACG	TACA	Allele TACA: synonymous_variant,SAUSA300_RS09585 (SAUSA300_RS09585),c.678_681delCGTGinsTGTA,p.228	CACG	CACG	TACA
NC_007793.1	1937751	C	T	Allele T: synonymous_variant,SAUSA300_RS09585 (SAUSA300_RS09585),c.642G>A,p.Ala214Ala	C	T	C
NC_007793.1	1937793	T	A	Allele A: synonymous_variant,SAUSA300_RS09585 (SAUSA300_RS09585),c.600A>T,p.Ala200Ala	T	A	T
NC_007793.1	1997493	GAATAAATG	GAAATG	10 nt upstream of SAUSA300_RS10025 ; 7 nt downstream of SAUSA300_RS10030	GAAATG	GAATAAATG	GAATAAATG
NC_007793.1	2107772	A	T	Allele T: synonymous_variant,SAUSA300_RS10650 (SAUSA300_RS10650),c.1575T>A,p.Ala525Ala	T	A	T
NC_007793.1	2108417	A	G	Allele G: synonymous_variant,SAUSA300_RS10650 (SAUSA300_RS10650),c.930T>C,p.Asn310Asn	G	G	A
NC_007793.1	2139129	T	C	Allele C: missense_variant,SAUSA300_RS10890 (SAUSA300_RS10890),c.4A>G,p.Thr2Ala	T	C	T
NC_007793.1	2149688	TAAAAAAATATAAT	TAAAAAATATAAT	Allele TAAAAAATATAAT: frameshift_variant,SAUSA300_RS10950 (SAUSA300_RS10950),c.712delA,p.Ile238fs	TAAAAAATATAAT	TAAAAAATATAAT	TAAAAAAATATAAT
NC_007793.1	2155797	C	T	Allele T: missense_variant,SAUSA300_RS10985 (SAUSA300_RS10985),c.814G>A,p.Glu272Lys	C	C	T
NC_007793.1	2338274	T	C	Allele C: synonymous_variant,hysA (SAUSA300_RS11915),c.183T>C,p.Tyr61Tyr	T	T	C
NC_007793.1	2338284	A	C	Allele C: missense_variant,hysA (SAUSA300_RS11915),c.193A>C,p.Lys65Gln	C	A	C
NC_007793.1	2338875	A	T	Allele T: missense_variant,hysA (SAUSA300_RS11915),c.784A>T,p.Met262Leu	T	T	A
NC_007793.1	2338895	A	T	Allele T: synonymous_variant,hysA (SAUSA300_RS11915),c.804A>T,p.Ser268Ser	A	T	A
NC_007793.1	2338916	C	T	Allele T: synonymous_variant,hysA (SAUSA300_RS11915),c.825C>T,p.Tyr275Tyr	C	T	C
NC_007793.1	2338937	T	A	Allele A: synonymous_variant,hysA (SAUSA300_RS11915),c.846T>A,p.Gly282Gly	A	T	A
NC_007793.1	2339012	C	T	Allele T: synonymous_variant,hysA (SAUSA300_RS11915),c.921C>T,p.Gly307Gly	T	T	C
NC_007793.1	2339395	AA	CT	Allele CT: missense_variant,hysA (SAUSA300_RS11915),c.1304_1305delAAinsCT,p.Lys435Thr	CT	AA	AA
NC_007793.1	2339552	T	C	Allele C: synonymous_variant,hysA (SAUSA300_RS11915),c.1461T>C,p.Thr487Thr	C	T	T
NC_007793.1	2339576	TAAC	CAAT	Allele CAAT: synonymous_variant,hysA (SAUSA300_RS11915),c.1485_1488delTAACinsCAAT,p.497	TAAC	CAAT	TAAC
NC_007793.1	2339588	C	G	Allele G: synonymous_variant,hysA (SAUSA300_RS11915),c.1497C>G,p.Val499Val	C	G	C
NC_007793.1	2340395	T	C	Allele C: synonymous_variant,hysA (SAUSA300_RS11915),c.2304T>C,p.Pro768Pro	C	T	C
NC_007793.1	2340399	T	A	Allele A: missense_variant,hysA (SAUSA300_RS11915),c.2308T>A,p.Ser770Thr	T	A	T
NC_007793.1	2494556	A	G	69 nt upstream of SAUSA300_RS12820 ; 138 nt downstream of SAUSA300_RS12830	A	A	G
NC_007793.1	2605761	T	A	Allele A: missense_variant,SAUSA300_RS13390 (SAUSA300_RS13390),c.167A>T,p.Lys56Ile	T	T	A
NC_007793.1	2605766	A	G	Allele G: synonymous_variant,SAUSA300_RS13390 (SAUSA300_RS13390),c.162T>C,p.Asn54Asn	G	G	A
NC_007793.1	2605929	AAAGTAA	TAACCAC	2 nt upstream of SAUSA300_RS13390 ; 16 nt downstream of SAUSA300_RS13395	AAAGTAA	TAACCAC	AAAGTAA
NC_007793.1	2605963	A	G	Allele G: synonymous_variant,SAUSA300_RS13395 (SAUSA300_RS13395),c.402T>C,p.Asn134Asn	A	G	A
NC_007793.1	2605969	T	C	Allele C: synonymous_variant,SAUSA300_RS13395 (SAUSA300_RS13395),c.396A>G,p.Glu132Glu	T	C	T
NC_007793.1	2605987	TGGT	AGGC	Allele AGGC: synonymous_variant,SAUSA300_RS13395 (SAUSA300_RS13395),c.375_378delACCAinsGCCT,p.127	TGGT	AGGC	TGGT
NC_007793.1	2606301	C	T	Allele T: missense_variant,SAUSA300_RS13395 (SAUSA300_RS13395),c.64G>A,p.Gly22Ser	T	C	T
NC_007793.1	2606333	C	T	Allele T: missense_variant,SAUSA300_RS13395 (SAUSA300_RS13395),c.32G>A,p.Ser11Asn	C	T	C
NC_007793.1	2606341	T	C	Allele C: missense_variant,SAUSA300_RS13395 (SAUSA300_RS13395),c.24A>G,p.Ile8Met	C	T	T
NC_007793.1	2606360	G	A	Allele A: missense_variant,SAUSA300_RS13395 (SAUSA300_RS13395),c.5C>T,p.Ser2Leu	A	G	G
NC_007793.1	2606874	GGTATTG	CGTGTTC	Allele CGTGTTC: synonymous_variant,SAUSA300_RS13405 (SAUSA300_RS13405),c.174_180delCAATACCinsGAACACG,p.61	CGTGTTC	GGTATTG	GGTATTG
NC_007793.1	2606889	A	G	Allele G: synonymous_variant,SAUSA300_RS13405 (SAUSA300_RS13405),c.165T>C,p.Thr55Thr	A	G	G
NC_007793.1	2606892	A	G	Allele G: synonymous_variant,SAUSA300_RS13405 (SAUSA300_RS13405),c.162T>C,p.Asn54Asn	G	A	A
NC_007793.1	2606934	A	G	Allele G: synonymous_variant,SAUSA300_RS13405 (SAUSA300_RS13405),c.120T>C,p.Tyr40Tyr	A	G	A
NC_007793.1	2606945	C	A	Allele A: missense_variant,SAUSA300_RS13405 (SAUSA300_RS13405),c.109G>T,p.Ala37Ser	A	C	A
NC_007793.1	2606952	T	C	Allele C: synonymous_variant,SAUSA300_RS13405 (SAUSA300_RS13405),c.102A>G,p.Lys34Lys	C	T	C
NC_007793.1	2610278	T	C	Allele C: missense_variant,SAUSA300_RS13430 (SAUSA300_RS13430),c.98A>G,p.Asn33Ser	C	T	T
NC_007793.1	2610285	C	T	Allele T: missense_variant,SAUSA300_RS13430 (SAUSA300_RS13430),c.91G>A,p.Gly31Ser	T	C	C
NC_007793.1	2610290	G	A	Allele A: missense_variant,SAUSA300_RS13430 (SAUSA300_RS13430),c.86C>T,p.Thr29Ile	A	G	G
NC_007793.1	2706716	G	T	Allele T: missense_variant,SAUSA300_RS13890 (SAUSA300_RS13890),c.470C>A,p.Pro157Gln	G	G	T
NC_007793.1	2775243	G	A	Allele A: synonymous_variant,clfB (SAUSA300_RS14270),c.1797C>T,p.Asp599Asp	G	A	G
NC_007793.1	2785701	C	A	60 nt upstream of SAUSA300_RS14310 ; 364 nt downstream of SAUSA300_RS14315	C	C	A
NC_007793.1	2861913	C	A	Allele A: missense_variant,vraE (SAUSA300_RS14630),c.1742C>A,p.Ala581Glu	A	A	C
