CHROM	POS	REF	ALT	ANNOTATIONS	69AD1Lp1	69AD1Lp10	69AD1Lp2	69AD1Lp3	69AD1Lp4	69AD1Lp5	69AD1Lp6	69AD1Lp7	69AD1Lp8	69AD1Lp9
NC_007793.1	111085	ACTGC	GTTGT	Allele GTTGT: missense_variant,SAUSA300_RS00525 (SAUSA300_RS00525),c.64_68delACTGCinsGTTGT,p.ThrAla22ValVal	ACTGC	ACTGC	ACTGC	ACTGC	ACTGC	GTTGT	ACTGC	ACTGC	ACTGC	ACTGC
NC_007793.1	111099	CATGGGT	TACAGGG	Allele TACAGGG: missense_variant,SAUSA300_RS00525 (SAUSA300_RS00525),c.78_84delCATGGGTinsTACAGGG,p.Met27Thr	CATGGGT	CATGGGT	CATGGGT	CATGGGT	TACAGGG	TACAGGG	TACAGGG	CATGGGT	TACAGGG	CATGGGT
NC_007793.1	111563	G	T	Allele T: missense_variant,SAUSA300_RS00525 (SAUSA300_RS00525),c.542G>T,p.Ser181Ile	G	G	G	G	G	G	T	G	G	G
NC_007793.1	113070	CGTT	GGTG	Allele GGTG: synonymous_variant,SAUSA300_RS00535 (SAUSA300_RS00535),c.378_381delCGTTinsGGTG,p.128	GGTG	CGTT	GGTG	GGTG	GGTG	CGTT	CGTT	GGTG	GGTG	GGTG
NC_007793.1	113226	A	G	Allele G: synonymous_variant,SAUSA300_RS00535 (SAUSA300_RS00535),c.534A>G,p.Val178Val	A	G	G	A	G	G	G	A	A	G
NC_007793.1	113265	C	T	Allele T: synonymous_variant,SAUSA300_RS00535 (SAUSA300_RS00535),c.573C>T,p.Asp191Asp	T	C	C	T	C	C	C	C	C	C
NC_007793.1	113286	A	T	Allele T: synonymous_variant,SAUSA300_RS00535 (SAUSA300_RS00535),c.594A>T,p.Arg198Arg	A	A	A	T	A	A	A	A	A	A
NC_007793.1	113307	G	A	Allele A: synonymous_variant,SAUSA300_RS00535 (SAUSA300_RS00535),c.615G>A,p.Thr205Thr	A	G	A	A	A	A	A	A	A	A
NC_007793.1	113445	G	A	Allele A: synonymous_variant,SAUSA300_RS00535 (SAUSA300_RS00535),c.753G>A,p.Pro251Pro	A	A	G	A	A	A	A	A	G	G
NC_007793.1	328436	T	A	Allele A: synonymous_variant,SAUSA300_RS01475 (SAUSA300_RS01475),c.474T>A,p.Ala158Ala	T	T	A	T	T	T	T	T	T	A
NC_007793.1	351019	A	G	Allele G: synonymous_variant,SAUSA300_RS01595 (SAUSA300_RS01595),c.369A>G,p.Glu123Glu	A	A	A	G	A	A	A	A	A	G
NC_007793.1	351049	T	C	Allele C: synonymous_variant,SAUSA300_RS01595 (SAUSA300_RS01595),c.399T>C,p.Tyr133Tyr	T	C	T	T	T	T	T	T	T	C
NC_007793.1	457477	T	G	59 nt upstream of SAUSA300_RS02170 ; 19 nt upstream of SAUSA300_RS02175	G	G	G	G	G	G	G	T	G	G
NC_007793.1	458098	C	T	Allele T: synonymous_variant,SAUSA300_RS02175 (SAUSA300_RS02175),c.603C>T,p.Gly201Gly	C	T	C	C	C	C	C	C	C	C
NC_007793.1	458104	C	T	Allele T: synonymous_variant,SAUSA300_RS02175 (SAUSA300_RS02175),c.609C>T,p.Phe203Phe	T	C	T	T	T	T	T	T	T	T
NC_007793.1	618253	T	C	Allele C: synonymous_variant,sdrD (SAUSA300_RS02920),c.3897T>C,p.Asp1299Asp	T	T	T	T	T	T	T	C	T	T
NC_007793.1	621724	C	T	Allele T: synonymous_variant,sdrE (SAUSA300_RS02925),c.2829C>T,p.Ser943Ser	C	T	C	T	C	C	T	C	C	T
NC_007793.1	621787	CAGT	TAGC	Allele TAGC: synonymous_variant,sdrE (SAUSA300_RS02925),c.2892_2895delCAGTinsTAGC,p.966	CAGT	TAGC	CAGT	TAGC	TAGC	TAGC	CAGT	TAGC	TAGC	TAGC
NC_007793.1	622093	TAGCGAC	CAGTGAT	Allele CAGTGAT: synonymous_variant,sdrE (SAUSA300_RS02925),c.3198_3204delTAGCGACinsCAGTGAT,p.1069	TAGCGAC	CAGTGAT	TAGCGAC	TAGCGAC	TAGCGAC	TAGCGAC	TAGCGAC	TAGCGAC	TAGCGAC	TAGCGAC
NC_007793.1	653719	G	C	Allele C: missense_variant,SAUSA300_RS03095 (SAUSA300_RS03095),c.1088G>C,p.Gly363Ala	C	G	C	C	C	C	C	C	C	C
NC_007793.1	672102	GC	AT	246 nt downstream of SAUSA300_RS03210 ; 133 nt upstream of SAUSA300_RS03215	AT	GC	AT	AT	AT	AT	AT	AT	AT	AT
NC_007793.1	834613	TCGT	CCGC	448 nt downstream of SAUSA300_RS04030 ; 432 nt upstream of SAUSA300_RS04040	CCGC	CCGC	CCGC	TCGT	CCGC	CCGC	TCGT	CCGC	CCGC	CCGC
NC_007793.1	906525	A	T	Allele T: missense_variant,SAUSA300_RS04455 (SAUSA300_RS04455),c.36A>T,p.Lys12Asn	T	A	T	T	A	A	T	T	A	A
NC_007793.1	906575	C	T	Allele T: missense_variant,SAUSA300_RS04455 (SAUSA300_RS04455),c.86C>T,p.Thr29Ile	C	T	T	T	T	T	T	T	T	T
NC_007793.1	1328824	AAAAA	CAAAG	Allele CAAAG: missense_variant,SAUSA300_RS15995 (SAUSA300_RS15995),c.108_112delAAAAAinsCAAAG,p.Ile38Val	CAAAG	CAAAG	CAAAG	AAAAA	CAAAG	CAAAG	CAAAG	CAAAG	CAAAG	CAAAG
NC_007793.1	1329756	C	T	Allele T: missense_variant,SAUSA300_RS06540 (SAUSA300_RS06540),c.82C>T,p.Arg28Trp	C	C	C	C	C	C	C	C	C	T
NC_007793.1	1329765	A	G	Allele G: missense_variant,SAUSA300_RS06540 (SAUSA300_RS06540),c.91A>G,p.Ile31Val	G	A	G	G	G	G	G	G	G	A
NC_007793.1	1329869	TAACAAG	GAAAAAA	72 nt downstream of SAUSA300_RS06540 ; 311 nt upstream of SAUSA300_RS06555	TAACAAG	TAACAAG	TAACAAG	TAACAAG	TAACAAG	TAACAAG	GAAAAAA	TAACAAG	TAACAAG	TAACAAG
NC_007793.1	1458989	A	T	Allele T: synonymous_variant,ebh (SAUSA300_RS07235),c.29088T>A,p.Ala9696Ala	A	T	A	T	A	T	T	A	T	A
NC_007793.1	1459070	AAGTTGTG	TAAACGTT	Allele TAAACGTT: missense_variant,ebh (SAUSA300_RS07235),c.29000_29007delCACAACTTinsAACGTTTA,p.AlaGln9667GluArg	AAGTTGTG	AAGTTGTG	AAGTTGTG	AAGTTGTG	TAAACGTT	AAGTTGTG	AAGTTGTG	AAGTTGTG	AAGTTGTG	AAGTTGTG
NC_007793.1	1459082	G	T	Allele T: synonymous_variant,ebh (SAUSA300_RS07235),c.28995C>A,p.Ala9665Ala	G	T	G	G	T	G	G	G	G	T
NC_007793.1	1543162	C	T	Allele T: missense_variant,SAUSA300_RS07515 (SAUSA300_RS07515),c.358G>A,p.Asp120Asn	C	T	T	T	T	T	T	T	T	T
NC_007793.1	1543300	TAAAAAATTG	TAAAAATTG	Allele TAAAAATTG: frameshift_variant,SAUSA300_RS07515 (SAUSA300_RS07515),c.214delT,p.Phe73fs	TAAAAATTG	TAAAAAATTG	TAAAAAATTG	TAAAAATTG	TAAAAAATTG	TAAAAATTG	TAAAAAATTG	TAAAAAATTG	TAAAAATTG	TAAAAATTG
NC_007793.1	1543409	A	T	Allele T: missense_variant,SAUSA300_RS07515 (SAUSA300_RS07515),c.111T>A,p.Asp37Glu	A	A	A	A	T	T	A	A	T	T
NC_007793.1	1544027	T	C	Allele C: synonymous_variant,SAUSA300_RS07525 (SAUSA300_RS07525),c.645A>G,p.Pro215Pro	C	T	C	C	C	C	C	C	T	C
NC_007793.1	1544033	G	A	Allele A: synonymous_variant,SAUSA300_RS07525 (SAUSA300_RS07525),c.639C>T,p.Tyr213Tyr	G	A	G	G	G	G	G	G	A	G
NC_007793.1	1544351	G	A	Allele A: synonymous_variant,SAUSA300_RS07525 (SAUSA300_RS07525),c.321C>T,p.Cys107Cys	A	A	A	A	A	A	A	A	G	A
NC_007793.1	1545238	A	T	Allele T: synonymous_variant,SAUSA300_RS07530 (SAUSA300_RS07530),c.408T>A,p.Val136Val	T	T	A	T	T	T	A	T	A	A
NC_007793.1	1545265	G	A	Allele A: synonymous_variant,SAUSA300_RS07530 (SAUSA300_RS07530),c.381C>T,p.Asp127Asp	G	A	A	G	A	A	A	A	A	A
NC_007793.1	1580145	G	T	Allele T: synonymous_variant,SAUSA300_RS07740 (SAUSA300_RS07740),c.180C>A,p.Leu60Leu	T	T	G	T	T	T	T	T	T	T
NC_007793.1	1580154	AGCA	GGCT	Allele GGCT: synonymous_variant,SAUSA300_RS07740 (SAUSA300_RS07740),c.168_171delTGCTinsAGCC,p.58	AGCA	GGCT	AGCA	GGCT	GGCT	GGCT	GGCT	GGCT	GGCT	GGCT
NC_007793.1	1580166	T	C	Allele C: synonymous_variant,SAUSA300_RS07740 (SAUSA300_RS07740),c.159A>G,p.Thr53Thr	T	C	T	C	C	C	T	C	C	C
NC_007793.1	1580172	TTTA	CTTT	Allele CTTT: synonymous_variant,SAUSA300_RS07740 (SAUSA300_RS07740),c.150_153delTAAAinsAAAG,p.52	TTTA	TTTA	TTTA	TTTA	TTTA	TTTA	TTTA	CTTT	TTTA	TTTA
NC_007793.1	1580178	G	A	Allele A: synonymous_variant,SAUSA300_RS07740 (SAUSA300_RS07740),c.147C>T,p.Ser49Ser	A	A	A	A	A	A	A	G	A	A
NC_007793.1	1580180	T	C	Allele C: missense_variant,SAUSA300_RS07740 (SAUSA300_RS07740),c.145A>G,p.Ser49Gly	T	T	T	T	T	T	T	C	T	T
NC_007793.1	1604725	G	A	32 nt upstream of SAUSA300_RS07925 ; 110 nt upstream of SAUSA300_RS07930	G	G	G	G	A	A	A	G	G	G
NC_007793.1	1667781	A	C	Allele C: missense_variant,SAUSA300_RS08280 (SAUSA300_RS08280),c.135T>G,p.Ile45Met	C	C	A	C	C	C	C	C	A	A
NC_007793.1	1743176	A	G	41 nt upstream of SAUSA300_RS08665 ; 387 nt downstream of SAUSA300_RS08670	A	A	A	A	G	G	G	A	A	A
NC_007793.1	1815824	C	T	211 nt upstream of SAUSA300_RS09005 ; 50 nt downstream of SAUSA300_RS09010	T	C	T	T	T	T	T	C	T	T
NC_007793.1	1857292	G	A	Allele A: missense_variant,SAUSA300_RS09205 (SAUSA300_RS09205),c.332C>T,p.Ala111Val	A	G	G	A	A	G	A	A	A	A
NC_007793.1	1911344	A	G	Allele G: missense_variant,SAUSA300_RS15400 (SAUSA300_RS15400),c.1232A>G,p.Asn411Ser	G	A	A	A	G	A	A	A	G	A
NC_007793.1	1911395	GAAA	AAAG	Allele AAAG: stop_retained_variant,SAUSA300_RS15400 (SAUSA300_RS15400),c.1283_1286delGAAAinsAAAG,p.Asn429Ser	GAAA	GAAA	GAAA	GAAA	GAAA	GAAA	GAAA	AAAG	GAAA	GAAA
NC_007793.1	1937691	T	G	Allele G: synonymous_variant,SAUSA300_RS09585 (SAUSA300_RS09585),c.702A>C,p.Ser234Ser	G	G	G	G	G	G	G	G	T	T
NC_007793.1	1986713	A	C	525 nt upstream of SAUSA300_RS09860 ; 252 nt downstream of SAUSA300_RS09870	C	C	A	C	C	A	A	C	A	C
NC_007793.1	1986720	A	G	532 nt upstream of SAUSA300_RS09860 ; 245 nt downstream of SAUSA300_RS09870	G	G	A	G	G	A	A	G	A	A
NC_007793.1	2082529	G	A	Allele A: synonymous_variant,eap (SAUSA300_RS10500),c.1572C>T,p.Gly524Gly	G	A	A	A	A	G	G	A	A	A
NC_007793.1	2082565	A	G	Allele G: synonymous_variant,eap (SAUSA300_RS10500),c.1536T>C,p.Asn512Asn	A	G	G	A	G	A	A	A	G	A
NC_007793.1	2175939	A	T	14 nt upstream of SAUSA300_RS11085 ; 59 nt downstream of SAUSA300_RS11090	T	A	T	T	T	T	T	T	T	T
NC_007793.1	2310989	G	C	Allele C: synonymous_variant,SAUSA300_RS11765 (SAUSA300_RS11765),c.111G>C,p.Leu37Leu	G	G	G	G	G	G	G	G	G	C
NC_007793.1	2456570	G	A	Allele A: missense_variant,SAUSA300_RS12620 (SAUSA300_RS12620),c.53G>A,p.Ser18Asn	G	G	G	G	G	G	G	A	G	G
NC_007793.1	2609784	C	T	Allele T: missense_variant,SAUSA300_RS13430 (SAUSA300_RS13430),c.592G>A,p.Val198Ile	T	C	T	T	T	C	T	T	T	T
NC_007793.1	2609818	C	G	Allele G: synonymous_variant,SAUSA300_RS13430 (SAUSA300_RS13430),c.558G>C,p.Ser186Ser	C	G	G	G	G	G	C	C	G	G
NC_007793.1	2609842	A	G	Allele G: synonymous_variant,SAUSA300_RS13430 (SAUSA300_RS13430),c.534T>C,p.Tyr178Tyr	G	G	G	A	G	G	A	G	A	G
NC_007793.1	2609851	A	G	Allele G: synonymous_variant,SAUSA300_RS13430 (SAUSA300_RS13430),c.525T>C,p.Asp175Asp	A	G	G	G	G	G	G	A	G	G
NC_007793.1	2609854	A	C	Allele C: synonymous_variant,SAUSA300_RS13430 (SAUSA300_RS13430),c.522T>G,p.Gly174Gly	C	A	A	A	A	A	A	C	A	A
NC_007793.1	2613211	T	C	Allele C: missense_variant,SAUSA300_RS13455 (SAUSA300_RS13455),c.422A>G,p.Gln141Arg	C	T	C	C	T	C	T	T	C	C
NC_007793.1	2613217	A	G	Allele G: missense_variant,SAUSA300_RS13455 (SAUSA300_RS13455),c.416T>C,p.Phe139Ser	A	G	A	A	A	A	G	G	A	A
NC_007793.1	2613220	A	T	Allele T: stop_gained,SAUSA300_RS13455 (SAUSA300_RS13455),c.413T>A,p.Leu138*	T	A	T	T	A	T	A	A	A	A
NC_007793.1	2613224	C	T	Allele T: missense_variant,SAUSA300_RS13455 (SAUSA300_RS13455),c.409G>A,p.Glu137Lys	C	T	C	C	T	C	T	T	T	T
NC_007793.1	2613627	A	C	Allele C: missense_variant,SAUSA300_RS13455 (SAUSA300_RS13455),c.6T>G,p.Ile2Met	A	A	C	A	A	A	A	C	C	C
NC_007793.1	2614059	G	T	Allele T: synonymous_variant,SAUSA300_RS13460 (SAUSA300_RS13460),c.462C>A,p.Ile154Ile	G	T	G	T	T	T	G	T	G	G
NC_007793.1	2614428	G	A	Allele A: synonymous_variant,SAUSA300_RS13460 (SAUSA300_RS13460),c.93C>T,p.Ser31Ser	A	G	G	G	G	G	G	G	G	A
NC_007793.1	2614437	C	T	Allele T: synonymous_variant,SAUSA300_RS13460 (SAUSA300_RS13460),c.84G>A,p.Lys28Lys	T	C	C	C	C	C	C	C	C	T
NC_007793.1	2630138	ATGATTG	CTGGTAA	Allele CTGGTAA: missense_variant,fnbB (SAUSA300_RS13525),c.1920_1926delCAATCATinsTTACCAG,p.AsnHis641TyrGln	ATGATTG	ATGATTG	CTGGTAA	ATGATTG	ATGATTG	ATGATTG	ATGATTG	ATGATTG	ATGATTG	ATGATTG
NC_007793.1	2630153	A	G	Allele G: synonymous_variant,fnbB (SAUSA300_RS13525),c.1911T>C,p.Ile637Ile	G	A	A	G	G	G	G	G	G	G
NC_007793.1	2630156	TTCC	CTCT	Allele CTCT: synonymous_variant,fnbB (SAUSA300_RS13525),c.1905_1908delGGAAinsAGAG,p.637	TTCC	CTCT	CTCT	TTCC	TTCC	TTCC	TTCC	TTCC	TTCC	TTCC
NC_007793.1	2630168	T	A	Allele A: synonymous_variant,fnbB (SAUSA300_RS13525),c.1896A>T,p.Gly632Gly	T	A	A	T	T	T	T	T	T	T
NC_007793.1	2630197	G	A	Allele A: synonymous_variant,fnbB (SAUSA300_RS13525),c.1867C>T,p.Leu623Leu	G	A	A	G	G	G	G	G	G	G
NC_007793.1	2633156	C	T	Allele T: synonymous_variant,fnbA (SAUSA300_RS13530),c.2646G>A,p.Pro882Pro	T	T	T	T	T	T	T	T	T	C
NC_007793.1	2633738	A	T	Allele T: synonymous_variant,fnbA (SAUSA300_RS13530),c.2064T>A,p.Pro688Pro	T	A	T	T	T	T	T	A	A	A
NC_007793.1	2664787	T	C	168 nt downstream of SAUSA300_RS13685 ; 270 nt downstream of SAUSA300_RS13690	C	T	C	T	T	C	C	T	T	T
NC_007793.1	2711929	T	C	150 nt upstream of SAUSA300_RS13910 ; 126 nt downstream of SAUSA300_RS13915	C	T	C	C	C	C	C	C	C	C
NC_007793.1	2774799	A	G	Allele G: synonymous_variant,clfB (SAUSA300_RS14270),c.2241T>C,p.Asp747Asp	A	G	A	A	A	A	A	A	A	G
NC_007793.1	2830303	T	G,A	277 nt downstream of SAUSA300_RS14470 ; 170 nt downstream of SAUSA300_RS14475 // 277 nt downstream of SAUSA300_RS14470 ; 170 nt downstream of SAUSA300_RS14475	G	G	T	T	T	T	T	A	T	G
NC_007793.1	2846762	T	G	112 nt upstream of SAUSA300_RS14555 ; 268 nt upstream of SAUSA300_RS14560	T	T	T	T	T	T	T	T	G	T
NC_007793.1	2871921	G	T	89 nt upstream of SAUSA300_RS14690 ; 50 nt downstream of SAUSA300_RS14695	G	G	G	T	G	G	G	G	G	G
