CHROM	POS	REF	ALT	ANNOTATIONS	41AD1Np1	41AD1Np10	41AD1Np2	41AD1Np3	41AD1Np4	41AD1Np5	41AD1Np6	41AD1Np7	41AD1Np8	41AD1Np9
NC_007793.1	97526	G	A	Allele A: synonymous_variant,SAUSA300_RS00460 (SAUSA300_RS00460),c.882C>T,p.Ser294Ser	A	A	G	A	G	A	A	A	G	G
NC_007793.1	97628	C	T	Allele T: synonymous_variant,SAUSA300_RS00460 (SAUSA300_RS00460),c.780G>A,p.Leu260Leu	T	C	C	C	C	C	C	C	T	T
NC_007793.1	236119	T	C	Allele C: synonymous_variant,SAUSA300_RS01055 (SAUSA300_RS01055),c.546A>G,p.Pro182Pro	T	T	T	C	T	C	C	T	T	T
NC_007793.1	250693	C	T	39 nt downstream of SAUSA300_RS01110 ; 35 nt upstream of SAUSA300_RS01115	T	T	T	T	T	T	T	T	T	C
NC_007793.1	453041	GGTTT	AGTTC	94 nt downstream of SAUSA300_RS02145 ; 327 nt upstream of SAUSA300_RS02150	GGTTT	GGTTT	GGTTT	GGTTT	GGTTT	GGTTT	AGTTC	GGTTT	GGTTT	GGTTT
NC_007793.1	514548	T	C	106 nt downstream of SAUSA300_RS02440 ; 261 nt upstream of SAUSA300_RS02445	T	T	T	C	C	C	C	C	T	C
NC_007793.1	617704	T	C	Allele C: synonymous_variant,sdrD (SAUSA300_RS02920),c.3348T>C,p.Asn1116Asn	T	C	T	T	T	T	T	T	T	T
NC_007793.1	617707	A	C	Allele C: synonymous_variant,sdrD (SAUSA300_RS02920),c.3351A>C,p.Gly1117Gly	C	A	C	C	C	C	C	C	C	C
NC_007793.1	617998	C	T	Allele T: synonymous_variant,sdrD (SAUSA300_RS02920),c.3642C>T,p.Ser1214Ser	C	T	C	C	T	T	C	T	C	C
NC_007793.1	618353	ACTAC	GCAGT	Allele GCAGT: missense_variant,sdrD (SAUSA300_RS02920),c.3997_4001delACTACinsGCAGT,p.ThrThr1333AlaVal	GCAGT	GCAGT	ACTAC	GCAGT	GCAGT	GCAGT	GCAGT	GCAGT	GCAGT	GCAGT
NC_007793.1	618379	A	G	Allele G: synonymous_variant,sdrD (SAUSA300_RS02920),c.4023A>G,p.Ala1341Ala	G	G	A	G	G	G	G	G	G	G
NC_007793.1	618391	A	G	Allele G: synonymous_variant,sdrD (SAUSA300_RS02920),c.4035A>G,p.Pro1345Pro	G	G	A	G	G	G	G	G	G	G
NC_007793.1	621757	C	T	Allele T: synonymous_variant,sdrE (SAUSA300_RS02925),c.2862C>T,p.Asp954Asp	C	C	C	T	T	T	C	C	T	T
NC_007793.1	621992	TCG	TCA	Allele TCA: synonymous_variant,sdrE (SAUSA300_RS02925),c.3099G>A,p.Ser1033Ser	TCA	TCA	TCA	TCA	TCG	TCA	TCG	TCA	TCG	TCA
NC_007793.1	622153	T	C	Allele C: synonymous_variant,sdrE (SAUSA300_RS02925),c.3258T>C,p.Asp1086Asp	T	T	T	T	T	C	T	T	T	T
NC_007793.1	668582	GTTTTTTGGTTTTGA	GTTTTTTTGGTTTTGA	Allele GTTTTTTTGGTTTTGA: frameshift_variant,SAUSA300_RS03195 (SAUSA300_RS03195),c.30dupT,p.Gly11fs	GTTTTTTGGTTTTGA	GTTTTTTGGTTTTGA	GTTTTTTGGTTTTGA	GTTTTTTTGGTTTTGA	GTTTTTTGGTTTTGA	GTTTTTTTGGTTTTGA	GTTTTTTTGGTTTTGA	GTTTTTTGGTTTTGA	GTTTTTTGGTTTTGA	GTTTTTTGGTTTTGA
NC_007793.1	801869	G	A	14 nt downstream of SAUSA300_RS03880 ; 303 nt downstream of SAUSA300_RS03885	G	G	G	A	G	A	A	G	A	G
NC_007793.1	903303	G	A	10 nt downstream of SAUSA300_RS04430 ; 177 nt upstream of SAUSA300_RS04435	A	A	G	A	A	G	A	A	A	A
NC_007793.1	903338	T	C	45 nt downstream of SAUSA300_RS04430 ; 142 nt upstream of SAUSA300_RS04435	T	T	T	T	C	C	T	T	T	T
NC_007793.1	1158562	ACGA	GCGG	236 nt downstream of SAUSA300_RS05730 ; 209 nt downstream of SAUSA300_RS05740	GCGG	GCGG	GCGG	GCGG	GCGG	ACGA	GCGG	GCGG	GCGG	GCGG
NC_007793.1	1167056	C	A	7 nt upstream of SAUSA300_RS05775 ; 242 nt upstream of SAUSA300_RS05780	C	C	C	C	A	C	C	C	A	A
NC_007793.1	1167077	C	A	28 nt upstream of SAUSA300_RS05775 ; 221 nt upstream of SAUSA300_RS05780	C	C	C	C	A	C	C	C	A	A
NC_007793.1	1417975	C	T	Allele T: missense_variant,SAUSA300_RS06990 (SAUSA300_RS06990),c.1172C>T,p.Ala391Val	T	T	T	C	T	C	C	T	C	T
NC_007793.1	1458908	AAGT	CAAG	Allele CAAG: synonymous_variant,ebh (SAUSA300_RS07235),c.29166_29169delACTTinsCTTG,p.9724	CAAG	CAAG	CAAG	CAAG	CAAG	CAAG	CAAG	CAAG	CAAG	AAGT
NC_007793.1	1459088	T	C	Allele C: synonymous_variant,ebh (SAUSA300_RS07235),c.28989A>G,p.Glu9663Glu	T	T	T	T	T	C	C	T	T	C
NC_007793.1	1459094	T	C	Allele C: synonymous_variant,ebh (SAUSA300_RS07235),c.28983A>G,p.Glu9661Glu	T	C	T	C	T	C	C	C	T	C
NC_007793.1	1507140	T	C	27 nt downstream of SAUSA300_RS07315 ; 539 nt downstream of SAUSA300_RS07320	T	T	T	C	T	C	C	T	T	T
NC_007793.1	1507147	TT	AA	34 nt downstream of SAUSA300_RS07315 ; 532 nt downstream of SAUSA300_RS07320	TT	TT	TT	AA	TT	AA	AA	TT	TT	TT
NC_007793.1	1543139	A	G	Allele G: synonymous_variant,SAUSA300_RS07515 (SAUSA300_RS07515),c.381T>C,p.Asp127Asp	A	G	A	G	A	G	G	G	G	A
NC_007793.1	1579972	C	T	Allele T: synonymous_variant,SAUSA300_RS07735 (SAUSA300_RS07735),c.96G>A,p.Val32Val	T	C	T	T	C	C	C	C	T	T
NC_007793.1	1585547	T	C	Allele C: missense_variant,SAUSA300_RS07785 (SAUSA300_RS07785),c.254A>G,p.Lys85Arg	C	C	T	C	C	T	C	C	C	C
NC_007793.1	1585579	A	G	Allele G: synonymous_variant,SAUSA300_RS07785 (SAUSA300_RS07785),c.222T>C,p.Asp74Asp	G	A	A	G	G	A	G	A	G	A
NC_007793.1	1586096	T	A	Allele A: missense_variant,SAUSA300_RS07790 (SAUSA300_RS07790),c.12A>T,p.Lys4Asn	A	T	T	T	T	T	T	T	T	T
NC_007793.1	1586615	C	T	Allele T: synonymous_variant,SAUSA300_RS07800 (SAUSA300_RS07800),c.30G>A,p.Ala10Ala	C	C	C	C	C	T	C	C	C	T
NC_007793.1	1662736	T	G	Allele G: synonymous_variant,SAUSA300_RS08255 (SAUSA300_RS08255),c.1080A>C,p.Gly360Gly	T	T	T	T	G	T	T	T	T	T
NC_007793.1	1694525	A	G	354 nt upstream of SAUSA300_RS08410 ; 209 nt downstream of SAUSA300_RS08420	A	A	A	A	A	G	A	A	A	A
NC_007793.1	1928727	G	T	560 nt upstream of SAUSA300_RS09550 ; 44 nt downstream of SAUSA300_RS09560	T	T	G	G	T	G	G	T	G	T
NC_007793.1	1928738	TACCC	AACCT	571 nt upstream of SAUSA300_RS09550 ; 33 nt downstream of SAUSA300_RS09560	TACCC	TACCC	TACCC	TACCC	TACCC	AACCT	TACCC	TACCC	AACCT	TACCC
NC_007793.1	1928894	TGATC	CGATT	Allele CGATT: missense_variant,SAUSA300_RS09560 (SAUSA300_RS09560),c.17_21delGATCAinsAATCG,p.Arg6Lys	CGATT	CGATT	CGATT	CGATT	CGATT	CGATT	TGATC	CGATT	CGATT	CGATT
NC_007793.1	2032961	G	A	Allele A: synonymous_variant,murT (SAUSA300_RS10245),c.1110C>T,p.Ile370Ile	A	A	A	G	A	G	G	A	G	A
NC_007793.1	2078697	TTTTATTGATTTATTGAT	TTTTATTGAT	Allele TTTTATTGAT: frameshift_variant,pmtA (SAUSA300_RS10470),c.364_371delATCAATAA,p.Ser125fs	TTTTATTGAT	TTTTATTGAT	TTTTATTGAT	TTTTATTGATTTATTGAT	TTTTATTGAT	TTTTATTGATTTATTGAT	TTTTATTGATTTATTGAT	TTTTATTGAT	TTTTATTGATTTATTGAT	TTTTATTGAT
NC_007793.1	2113730	A	T	Allele T: synonymous_variant,SAUSA300_RS10720 (SAUSA300_RS10720),c.258T>A,p.Ala86Ala	T	A	A	T	A	T	T	T	A	T
NC_007793.1	2257766	G	T	Allele T: missense_variant,SAUSA300_RS11535 (SAUSA300_RS11535),c.1196C>A,p.Pro399Gln	G	G	G	T	G	T	T	G	G	G
NC_007793.1	2430757	G	A	331 nt upstream of SAUSA300_RS12485 ; 54 nt upstream of SAUSA300_RS12490	G	G	G	A	G	A	A	G	G	G
NC_007793.1	2644692	T	A	306 nt upstream of SAUSA300_RS13575 ; 172 nt downstream of SAUSA300_RS13580	T	T	T	T	T	T	T	A	T	T
NC_007793.1	2733655	G	T	114 nt downstream of SAUSA300_RS14045 ; 15 nt downstream of SAUSA300_RS14050	G	G	T	T	G	T	G	T	G	G
NC_007793.1	2774853	G	A	Allele A: synonymous_variant,clfB (SAUSA300_RS14270),c.2187C>T,p.Asp729Asp	A	A	A	A	A	G	G	A	A	A
NC_007793.1	2775375	T	C	Allele C: synonymous_variant,clfB (SAUSA300_RS14270),c.1665A>G,p.Glu555Glu	C	C	T	C	C	C	C	C	C	C
NC_007793.1	2804849	T	C	Allele C: missense_variant,secA2 (SAUSA300_RS14370),c.1129A>G,p.Thr377Ala	T	T	T	C	T	C	C	T	C	T
NC_007793.1	2833304	C	T	Allele T: missense_variant,SAUSA300_RS15665 (SAUSA300_RS15665),c.112G>A,p.Glu38Lys	C	C	C	C	T	C	C	T	T	C
