CHROM	POS	REF	ALT	ANNOTATIONS	38AD1Up1	38AD1Up10	38AD1Up2	38AD1Up3	38AD1Up4	38AD1Up5	38AD1Up6	38AD1Up7	38AD1Up8	38AD1Up9
NC_007793.1	111156	G	A	Allele A: synonymous_variant,SAUSA300_RS00525 (SAUSA300_RS00525),c.135G>A,p.Pro45Pro	G	G	G	G	A	A	A	G	A	A
NC_007793.1	176935	TAAAAAAATCAT	TAAAAAATCAT	Allele TAAAAAATCAT: frameshift_variant,cap8D (SAUSA300_RS00820),c.625delA,p.Ile209fs	TAAAAAAATCAT	TAAAAAAATCAT	TAAAAAAATCAT	TAAAAAAATCAT	TAAAAAAATCAT	TAAAAAAATCAT	TAAAAAATCAT	TAAAAAAATCAT	TAAAAAAATCAT	TAAAAAAATCAT
NC_007793.1	200348	G	A	Allele A: missense_variant,SAUSA300_RS00935 (SAUSA300_RS00935),c.274G>A,p.Ala92Thr	G	G	G	G	G	A	G	G	G	A
NC_007793.1	201640	A	G	8 nt downstream of SAUSA300_RS00940 ; 378 nt upstream of SAUSA300_RS00945	A	A	A	A	A	G	A	A	A	G
NC_007793.1	268130	CGGA	TGGC	Allele TGGC: synonymous_variant,coa (SAUSA300_RS01180),c.1728_1731delCGGAinsTGGC,p.578	TGGC	TGGC	TGGC	TGGC	CGGA	CGGA	TGGC	CGGA	TGGC	TGGC
NC_007793.1	308580	G	A	Allele A: synonymous_variant,SAUSA300_RS01360 (SAUSA300_RS01360),c.723G>A,p.Ala241Ala	G	G	A	G	G	G	G	G	G	G
NC_007793.1	348122	G	A	Allele A: missense_variant,SAUSA300_RS01575 (SAUSA300_RS01575),c.460G>A,p.Ala154Thr	A	A	A	A	A	G	A	A	A	A
NC_007793.1	350002	GTTC	TTTT	220 nt downstream of SAUSA300_RS15725 ; 137 nt upstream of SAUSA300_RS01590	GTTC	GTTC	GTTC	GTTC	GTTC	TTTT	GTTC	GTTC	GTTC	GTTC
NC_007793.1	350014	T	A	232 nt downstream of SAUSA300_RS15725 ; 125 nt upstream of SAUSA300_RS01590	T	A	A	T	A	T	A	A	A	A
NC_007793.1	350023	TTA	ATG	241 nt downstream of SAUSA300_RS15725 ; 116 nt upstream of SAUSA300_RS01590	TTA	ATG	ATG	TTA	ATG	TTA	ATG	ATG	ATG	ATG
NC_007793.1	350030	G	A	248 nt downstream of SAUSA300_RS15725 ; 109 nt upstream of SAUSA300_RS01590	A	G	G	G	G	A	G	G	G	G
NC_007793.1	350045	GA	AT	263 nt downstream of SAUSA300_RS15725 ; 94 nt upstream of SAUSA300_RS01590	AT	GA	GA	AT	GA	AT	GA	GA	GA	AT
NC_007793.1	350496	A	G	Allele G: missense_variant,SAUSA300_RS01590 (SAUSA300_RS01590),c.358A>G,p.Met120Val	A	G	G	G	G	G	G	G	G	G
NC_007793.1	457673	T	G	Allele G: missense_variant,SAUSA300_RS02175 (SAUSA300_RS02175),c.178T>G,p.Ser60Ala	G	T	G	G	G	G	G	G	G	G
NC_007793.1	466687	G	A	Allele A: missense_variant,lpl4 (SAUSA300_RS02215),c.587G>A,p.Ser196Asn	G	A	G	A	A	G	A	G	G	A
NC_007793.1	466832	T	C	Allele C: synonymous_variant,lpl4 (SAUSA300_RS02215),c.732T>C,p.Arg244Arg	C	C	C	T	C	T	C	C	T	C
NC_007793.1	518211	G	A	293 nt downstream of SAUSA300_RS02450 ; 590 nt upstream of SAUSA300_RS02455	G	G	G	G	A	G	G	G	G	G
NC_007793.1	613390	CGAC	TGAT	Allele TGAT: synonymous_variant,sdrC (SAUSA300_RS02915),c.2244_2247delCGACinsTGAT,p.750	CGAC	TGAT	TGAT	CGAC	TGAT	TGAT	TGAT	TGAT	TGAT	TGAT
NC_007793.1	613639	T	C	Allele C: synonymous_variant,sdrC (SAUSA300_RS02915),c.2493T>C,p.Asp831Asp	T	C	C	T	T	T	T	T	T	T
NC_007793.1	616888	T	C	Allele C: synonymous_variant,sdrD (SAUSA300_RS02920),c.2532T>C,p.Phe844Phe	T	T	T	T	T	T	T	C	C	T
NC_007793.1	616893	GATTAGAA	ATTTAAAC	Allele ATTTAAAC: missense_variant,sdrD (SAUSA300_RS02920),c.2537_2544delGATTAGAAinsATTTAAAC,p.GlyLeuGlu846AspLeuAsn	GATTAGAA	GATTAGAA	GATTAGAA	GATTAGAA	GATTAGAA	GATTAGAA	GATTAGAA	ATTTAAAC	ATTTAAAC	GATTAGAA
NC_007793.1	616927	A	G	Allele G: synonymous_variant,sdrD (SAUSA300_RS02920),c.2571A>G,p.Glu857Glu	A	A	A	A	A	A	A	G	G	A
NC_007793.1	616942	C	T	Allele T: synonymous_variant,sdrD (SAUSA300_RS02920),c.2586C>T,p.Tyr862Tyr	C	C	C	C	C	C	C	T	T	C
NC_007793.1	617198	GAAA	AAAG	Allele AAAG: missense_variant,sdrD (SAUSA300_RS02920),c.2842_2845delGAAAinsAAAG,p.GluAsn948LysAsp	GAAA	GAAA	GAAA	GAAA	GAAA	GAAA	GAAA	AAAG	AAAG	GAAA
NC_007793.1	618100	A	G	Allele G: synonymous_variant,sdrD (SAUSA300_RS02920),c.3744A>G,p.Ser1248Ser	A	A	A	A	A	A	A	A	A	G
NC_007793.1	621922	GGAC	AGAT,AGAC	Allele AGAC: synonymous_variant,sdrE (SAUSA300_RS02925),c.3027G>A,p.Ser1009Ser // Allele AGAT: synonymous_variant,sdrE (SAUSA300_RS02925),c.3027_3030delGGACinsAGAT,p.1011	GGAC	GGAC	GGAC	AGAC	GGAC	AGAC	GGAC	AGAT	AGAT	AGAT
NC_007793.1	861145	TAGC	CAGT	Allele CAGT: synonymous_variant,clfA (SAUSA300_RS04165),c.1998_2001delTAGCinsCAGT,p.668	TAGC	TAGC	TAGC	TAGC	TAGC	TAGC	TAGC	TAGC	CAGT	TAGC
NC_007793.1	941231	ATTTTTTAAT	ATTTTTTTAAT	Allele ATTTTTTTAAT: frameshift_variant,SAUSA300_RS04655 (SAUSA300_RS04655),c.593_594insA,p.Asn200fs	ATTTTTTAAT	ATTTTTTAAT	ATTTTTTAAT	ATTTTTTAAT	ATTTTTTTAAT	ATTTTTTAAT	ATTTTTTAAT	ATTTTTTAAT	ATTTTTTAAT	ATTTTTTAAT
NC_007793.1	1101800	G	A	Allele A: missense_variant,SAUSA300_RS05415 (SAUSA300_RS05415),c.557C>T,p.Ala186Val	G	A	G	G	G	G	G	G	G	G
NC_007793.1	1284195	ATTTTTTTATG	ATTTTTTTTATG	38 nt downstream of SAUSA300_RS06315 ; 198 nt upstream of SAUSA300_RS06320	ATTTTTTTATG	ATTTTTTTTATG	ATTTTTTTTATG	ATTTTTTTTATG	ATTTTTTTTATG	ATTTTTTTTATG	ATTTTTTTTATG	ATTTTTTTTATG	ATTTTTTTTATG	ATTTTTTTTATG
NC_007793.1	1328797	A	G	Allele G: synonymous_variant,SAUSA300_RS15995 (SAUSA300_RS15995),c.81A>G,p.Thr27Thr	G	G	G	G	G	G	G	G	G	A
NC_007793.1	1328804	T	C	Allele C: synonymous_variant,SAUSA300_RS15995 (SAUSA300_RS15995),c.88T>C,p.Leu30Leu	C	C	C	C	C	C	C	C	C	T
NC_007793.1	1328815	A	G	Allele G: synonymous_variant,SAUSA300_RS15995 (SAUSA300_RS15995),c.99A>G,p.Ser33Ser	G	G	G	G	G	G	G	G	G	A
NC_007793.1	1328824	AAAAA	CAAAG	Allele CAAAG: missense_variant,SAUSA300_RS15995 (SAUSA300_RS15995),c.108_112delAAAAAinsCAAAG,p.Ile38Val	CAAAG	CAAAG	CAAAG	CAAAG	CAAAG	CAAAG	CAAAG	CAAAG	CAAAG	AAAAA
NC_007793.1	1329861	TG	CA	64 nt downstream of SAUSA300_RS06540 ; 319 nt upstream of SAUSA300_RS06555	CA	TG	TG	CA	CA	TG	TG	TG	TG	TG
NC_007793.1	1329869	TAAC	GAAA	72 nt downstream of SAUSA300_RS06540 ; 311 nt upstream of SAUSA300_RS06555	GAAA	TAAC	TAAC	GAAA	TAAC	TAAC	TAAC	TAAC	TAAC	TAAC
NC_007793.1	1329880	C	A	83 nt downstream of SAUSA300_RS06540 ; 300 nt upstream of SAUSA300_RS06555	A	C	A	A	C	A	C	A	C	C
NC_007793.1	1329886	A	G	89 nt downstream of SAUSA300_RS06540 ; 294 nt upstream of SAUSA300_RS06555	G	A	A	G	A	A	A	A	A	A
NC_007793.1	1350083	A	G	Allele G: synonymous_variant,SAUSA300_RS06680 (SAUSA300_RS06680),c.87A>G,p.Gly29Gly	A	G	A	A	A	A	A	A	A	A
NC_007793.1	1418048	T	A	39 nt downstream of SAUSA300_RS06990 ; 25 nt upstream of SAUSA300_RS06995	T	T	T	A	T	T	T	T	T	T
NC_007793.1	1441518	GAAAAAAATAATAATTAAAC	GAAAAAAAATAATAATTAAAC	Allele GAAAAAAAATAATAATTAAAC: frameshift_variant,arlS (SAUSA300_RS07110),c.88_89insT,p.Lys34fs	GAAAAAAATAATAATTAAAC	GAAAAAAATAATAATTAAAC	GAAAAAAATAATAATTAAAC	GAAAAAAATAATAATTAAAC	GAAAAAAATAATAATTAAAC	GAAAAAAAATAATAATTAAAC	GAAAAAAATAATAATTAAAC	GAAAAAAATAATAATTAAAC	GAAAAAAATAATAATTAAAC	GAAAAAAATAATAATTAAAC
NC_007793.1	1462042	TT	CC	Allele CC: missense_variant,ebh (SAUSA300_RS07235),c.26034_26035delAAinsGG,p.Thr8679Ala	TT	CC	TT	TT	TT	TT	TT	TT	TT	TT
NC_007793.1	1543268	T	C	Allele C: synonymous_variant,SAUSA300_RS07515 (SAUSA300_RS07515),c.252A>G,p.Thr84Thr	T	C	C	T	T	C	T	T	C	T
NC_007793.1	1594183	G	A	Allele A: synonymous_variant,SAUSA300_RS07865 (SAUSA300_RS07865),c.747C>T,p.Asn249Asn	G	G	G	G	G	G	A	G	G	G
NC_007793.1	1594444	G	A	Allele A: synonymous_variant,SAUSA300_RS07865 (SAUSA300_RS07865),c.486C>T,p.Phe162Phe	G	A	G	A	A	G	A	A	G	A
NC_007793.1	1694475	C	T	304 nt upstream of SAUSA300_RS08410 ; 259 nt downstream of SAUSA300_RS08420	T	T	T	C	C	T	T	T	T	C
NC_007793.1	1740279	T	C	Allele C: synonymous_variant,SAUSA300_RS08655 (SAUSA300_RS08655),c.207A>G,p.Glu69Glu	C	T	C	C	C	C	C	C	C	C
NC_007793.1	1840031	C	T	107 nt upstream of SAUSA300_RS09135 ; 65 nt upstream of SAUSA300_RS09140	C	C	C	C	C	C	C	T	T	C
NC_007793.1	1857213	TGT	CGC	Allele CGC: missense_variant,SAUSA300_RS09205 (SAUSA300_RS09205),c.409_411delACAinsGCG,p.Thr137Ala	TGT	TGT	CGC	TGT	TGT	TGT	TGT	TGT	TGT	TGT
NC_007793.1	1857231	TT	AC	Allele AC: missense_variant,SAUSA300_RS09205 (SAUSA300_RS09205),c.392_393delAAinsGT,p.Lys131Ser	TT	TT	AC	TT	TT	TT	TT	TT	TT	TT
NC_007793.1	1857258	C	T	Allele T: synonymous_variant,SAUSA300_RS09205 (SAUSA300_RS09205),c.366G>A,p.Glu122Glu	T	T	T	C	T	T	T	T	T	T
NC_007793.1	1937838	A	G	Allele G: synonymous_variant,SAUSA300_RS09585 (SAUSA300_RS09585),c.555T>C,p.Tyr185Tyr	G	A	G	G	G	G	G	A	G	G
NC_007793.1	1937847	A	T	Allele T: synonymous_variant,SAUSA300_RS09585 (SAUSA300_RS09585),c.546T>A,p.Gly182Gly	A	T	A	A	A	A	A	A	A	A
NC_007793.1	1937868	G	A	Allele A: synonymous_variant,SAUSA300_RS09585 (SAUSA300_RS09585),c.525C>T,p.Asp175Asp	G	A	G	G	G	G	G	G	G	G
NC_007793.1	1939211	T	C	Allele C: synonymous_variant,splF (SAUSA300_RS09595),c.264A>G,p.Ala88Ala	C	T	T	C	T	C	C	C	T	T
NC_007793.1	1978335	T	A	246 nt upstream of SAUSA300_RS09820 ; 137 nt downstream of SAUSA300_RS09825	T	A	A	A	T	T	T	T	T	T
NC_007793.1	1986772	AACAATGT	GACGATGC	584 nt upstream of SAUSA300_RS09860 ; 193 nt downstream of SAUSA300_RS09870	GACGATGC	AACAATGT	AACAATGT	AACAATGT	AACAATGT	GACGATGC	GACGATGC	AACAATGT	GACGATGC	AACAATGT
NC_007793.1	2047372	T	C	Allele C: missense_variant,SAUSA300_RS10310 (SAUSA300_RS10310),c.71A>G,p.Asp24Gly	C	T	T	T	T	T	T	T	T	T
NC_007793.1	2147732	G	T	Allele T: missense_variant,SAUSA300_RS10945 (SAUSA300_RS10945),c.60G>T,p.Met20Ile	T	G	G	G	G	G	G	T	T	G
NC_007793.1	2318603	AATACCTTCGGTTA	AATACATTCGGTTA	Allele AATACATTCGGTTA: missense_variant,SAUSA300_RS15545 (SAUSA300_RS15545),c.956C>A,p.Pro319His	AATACATTCGGTTA	AATACATTCGGTTA	AATACCTTCGGTTA	AATACATTCGGTTA	AATACATTCGGTTA	AATACATTCGGTTA	AATACATTCGGTTA	AATACATTCGGTTA	AATACATTCGGTTA	AATACATTCGGTTA
NC_007793.1	2478700	A	G	Allele G: missense_variant,SAUSA300_RS12740 (SAUSA300_RS12740),c.277A>G,p.Ile93Val	G	A	A	G	A	A	A	A	A	A
NC_007793.1	2609801	TTC	CTT	Allele CTT: missense_variant,SAUSA300_RS13430 (SAUSA300_RS13430),c.573_575delGAAinsAAG,p.Asn192Ser	TTC	TTC	TTC	TTC	CTT	CTT	CTT	TTC	TTC	CTT
NC_007793.1	2609818	C	G	Allele G: synonymous_variant,SAUSA300_RS13430 (SAUSA300_RS13430),c.558G>C,p.Ser186Ser	G	G	G	G	C	C	C	G	G	C
NC_007793.1	2609842	A	G	Allele G: synonymous_variant,SAUSA300_RS13430 (SAUSA300_RS13430),c.534T>C,p.Tyr178Tyr	G	A	G	G	G	G	G	G	A	G
NC_007793.1	2609851	A	G	Allele G: synonymous_variant,SAUSA300_RS13430 (SAUSA300_RS13430),c.525T>C,p.Asp175Asp	G	G	A	A	A	A	G	G	G	A
NC_007793.1	2613224	C	T	Allele T: missense_variant,SAUSA300_RS13455 (SAUSA300_RS13455),c.409G>A,p.Glu137Lys	T	T	C	C	C	T	T	C	T	T
NC_007793.1	2613627	A	C	Allele C: missense_variant,SAUSA300_RS13455 (SAUSA300_RS13455),c.6T>G,p.Ile2Met	A	C	A	C	C	A	C	C	C	C
NC_007793.1	2614059	G	T	Allele T: synonymous_variant,SAUSA300_RS13460 (SAUSA300_RS13460),c.462C>A,p.Ile154Ile	T	T	T	T	T	G	T	T	T	T
NC_007793.1	2614428	G	A	Allele A: synonymous_variant,SAUSA300_RS13460 (SAUSA300_RS13460),c.93C>T,p.Ser31Ser	G	G	G	G	G	G	G	G	A	G
NC_007793.1	2614437	C	T	Allele T: synonymous_variant,SAUSA300_RS13460 (SAUSA300_RS13460),c.84G>A,p.Lys28Lys	C	C	C	C	C	C	C	C	T	C
NC_007793.1	2614455	C	G	Allele G: synonymous_variant,SAUSA300_RS13460 (SAUSA300_RS13460),c.66G>C,p.Gly22Gly	C	C	C	C	C	C	C	C	G	C
NC_007793.1	2665016	T	C	397 nt downstream of SAUSA300_RS13685 ; 41 nt downstream of SAUSA300_RS13690	T	C	T	T	T	T	T	T	T	T
NC_007793.1	2774847	A	G	Allele G: synonymous_variant,clfB (SAUSA300_RS14270),c.2193T>C,p.Asp731Asp	G	G	A	A	G	A	A	G	A	A
NC_007793.1	2774865	G	A	Allele A: synonymous_variant,clfB (SAUSA300_RS14270),c.2175C>T,p.Asp725Asp	G	G	G	G	A	G	G	G	G	G
NC_007793.1	2775354	C	T	Allele T: synonymous_variant,clfB (SAUSA300_RS14270),c.1686G>A,p.Pro562Pro	C	T	T	T	C	T	T	T	T	T
