CHROM	POS	REF	ALT	ANNOTATIONS	14AD1Lp1	14AD1Lp10	14AD1Lp2	14AD1Lp3	14AD1Lp4	14AD1Lp5	14AD1Lp6	14AD1Lp7	14AD1Lp8	14AD1Lp9	14AD1Np1	14AD1Np2	14AD1Np3	14AD1Pp1	14AD1Pp2	14AD1Rp1	14AD1Rp10	14AD1Rp2	14AD1Rp3	14AD1Rp4	14AD1Rp5	14AD1Rp6	14AD1Rp7	14AD1Rp8	14AD1Rp9	14AD1Up1	14AD1Up2	14AD1Up3	14AD1Up4
NC_007793.1	100777	C	T	Allele T: missense_variant,SAUSA300_RS00480 (SAUSA300_RS00480),c.323G>A,p.Cys108Tyr	C	C	C	C	C	C	C	C	C	C	C	C	C	C	C	C	C	C	C	C	C	C	C	C	C	C	C	T	C
NC_007793.1	246024	G	T	246 nt downstream of SAUSA300_RS01090 ; 137 nt upstream of SAUSA300_RS01095	G	G	G	G	G	G	G	G	G	G	G	G	G	G	G	G	G	G	G	G	T	G	G	G	G	G	G	G	G
NC_007793.1	848784	A	G	Allele G: missense_variant,eno (SAUSA300_RS04100),c.566A>G,p.His189Arg	A	A	A	A	A	A	G	A	A	A	A	A	A	A	A	A	A	A	A	A	A	A	A	A	A	A	A	A	G
NC_007793.1	1009009	A	T	Allele T: missense_variant,SAUSA300_RS04940 (SAUSA300_RS04940),c.390A>T,p.Lys130Asn	A	A	A	A	A	A	A	A	A	A	A	A	A	A	A	A	A	A	T	A	A	A	A	A	A	A	A	A	A
NC_007793.1	1368092	A	G	Allele G: missense_variant,acnA (SAUSA300_RS06765),c.962A>G,p.Asp321Gly	A	A	A	A	A	G	A	A	A	A	A	A	A	A	A	A	A	A	A	A	A	A	A	A	A	A	A	A	A
NC_007793.1	1699764	T	C	Allele C: missense_variant,SAUSA300_RS08435 (SAUSA300_RS08435),c.668A>G,p.Tyr223Cys	T	T	T	T	T	T	T	T	T	T	T	T	T	T	T	T	T	T	T	T	C	T	T	T	T	T	T	T	T
NC_007793.1	1873606	A	T	Allele T: missense_variant,SAUSA300_RS09275 (SAUSA300_RS09275),c.141T>A,p.Asp47Glu	A	A	A	A	A	A	A	A	A	A	A	A	T	A	A	A	A	A	A	A	A	A	A	A	A	A	A	A	A
NC_007793.1	2038285	G	A	Allele A: synonymous_variant,rlmD (SAUSA300_RS10275),c.967C>T,p.Leu323Leu	G	G	G	G	A	G	G	G	G	A	G	G	G	G	G	G	G	G	G	G	G	G	G	G	G	G	G	G	G
NC_007793.1	2505413	G	A	Allele A: missense_variant,SAUSA300_RS12870 (SAUSA300_RS12870),c.815C>T,p.Ala272Val	G	G	G	G	A	G	G	A	G	A	G	G	G	G	G	G	G	G	A	G	G	G	A	A	G	A	G	G	G
NC_007793.1	2624422	CGA	TGG	Allele TGG: missense_variant,sasG (SAUSA300_RS15620),c.1827_1829delTCGinsCCA,p.Arg610Gln	TGG	TGG	TGG	TGG	TGG	TGG	TGG	TGG	TGG	TGG	TGG	TGG	TGG	TGG	TGG	CGA	TGG	TGG	TGG	TGG	TGG	TGG	TGG	TGG	TGG	TGG	TGG	CGA	TGG
NC_007793.1	2624444	T	A	Allele A: stop_gained,sasG (SAUSA300_RS15620),c.1807A>T,p.Lys603*	A	A	A	A	A	A	A	A	A	A	A	A	A	A	A	T	A	A	A	A	A	A	A	A	A	A	A	T	A
NC_007793.1	2624473	C	T	Allele T: missense_variant,sasG (SAUSA300_RS15620),c.1778G>A,p.Arg593His	T	T	T	T	T	T	T	T	T	T	T	T	T	T	T	C	T	T	T	T	T	T	T	T	T	T	T	C	T
NC_007793.1	2624635	C	T	Allele T: missense_variant,sasG (SAUSA300_RS15620),c.1616G>A,p.Arg539His	C	C	C	C	C	C	C	C	C	C	C	C	C	C	C	T	C	C	C	C	C	C	C	C	C	C	C	T	C
NC_007793.1	2632145	G	A	82 nt upstream of SAUSA300_RS13525 ; 600 nt downstream of SAUSA300_RS13530	G	G	G	G	G	G	G	G	G	G	G	G	G	G	G	A	G	G	G	G	G	G	G	G	G	G	G	A	G
NC_007793.1	2755346	A	T	Allele T: missense_variant,SAUSA300_RS14155 (SAUSA300_RS14155),c.988T>A,p.Leu330Ile	A	A	A	A	A	A	A	A	A	A	T	A	A	A	A	A	A	A	A	A	A	A	A	A	A	A	A	A	A
NC_007793.1	2810525	C	A	Allele A: missense_variant,secY2 (SAUSA300_RS14390),c.713G>T,p.Gly238Val	C	C	C	C	C	C	C	C	C	C	C	C	C	C	C	C	C	C	C	A	C	C	C	C	C	C	C	C	C
NC_007793.1	2856182	G	A	Allele A: missense_variant,SAUSA300_RS14605 (SAUSA300_RS14605),c.481G>A,p.Gly161Ser	G	G	G	G	G	G	G	G	G	G	G	G	A	G	G	G	G	G	G	G	G	G	G	G	G	G	G	G	G
