CHROM	POS	REF	ALT	ANNOTATIONS	34HC1Rp1	34HC1Rp2
NC_007793.1	97628	C	T	Allele T: synonymous_variant,SAUSA300_RS00460 (SAUSA300_RS00460),c.780G>A,p.Leu260Leu	T	C
NC_007793.1	250693	C	T	39 nt downstream of SAUSA300_RS01110 ; 35 nt upstream of SAUSA300_RS01115	C	T
NC_007793.1	457792	G	T	Allele T: synonymous_variant,SAUSA300_RS02175 (SAUSA300_RS02175),c.297G>T,p.Ala99Ala	T	G
NC_007793.1	613405	T	C	Allele C: synonymous_variant,sdrC (SAUSA300_RS02915),c.2259T>C,p.Asp753Asp	T	C
NC_007793.1	618430	G	A	Allele A: synonymous_variant,sdrD (SAUSA300_RS02920),c.4074G>A,p.Thr1358Thr	A	G
NC_007793.1	621889	C	T	Allele T: synonymous_variant,sdrE (SAUSA300_RS02925),c.2994C>T,p.Asp998Asp	T	C
NC_007793.1	672106	AG	CC	250 nt downstream of SAUSA300_RS03210 ; 129 nt upstream of SAUSA300_RS03215	CC	AG
NC_007793.1	672134	G	A	278 nt downstream of SAUSA300_RS03210 ; 101 nt upstream of SAUSA300_RS03215	G	A
NC_007793.1	807293	C	T	Allele T: missense_variant,pepT (SAUSA300_RS03915),c.1216G>A,p.Glu406Lys	T	C
NC_007793.1	861181	C	T	Allele T: synonymous_variant,clfA (SAUSA300_RS04165),c.2034C>T,p.Asp678Asp	T	C
NC_007793.1	861256	C	T	Allele T: synonymous_variant,clfA (SAUSA300_RS04165),c.2109C>T,p.Ser703Ser	C	T
NC_007793.1	1039665	A	G	Allele G: synonymous_variant,sspA (SAUSA300_RS05110),c.888T>C,p.Asp296Asp	A	G
NC_007793.1	1039668	A	T	Allele T: synonymous_variant,sspA (SAUSA300_RS05110),c.885T>A,p.Pro295Pro	T	A
NC_007793.1	1039671	A	G	Allele G: synonymous_variant,sspA (SAUSA300_RS05110),c.882T>C,p.Asn294Asn	A	G
NC_007793.1	1458908	AAGT	CAAG	Allele CAAG: synonymous_variant,ebh (SAUSA300_RS07235),c.29166_29169delACTTinsCTTG,p.9724	AAGT	CAAG
NC_007793.1	1459053	T	C	Allele C: missense_variant,ebh (SAUSA300_RS07235),c.29024A>G,p.Asp9675Gly	T	C
NC_007793.1	1631038	G	A	Allele A: synonymous_variant,SAUSA300_RS08060 (SAUSA300_RS08060),c.441C>T,p.Asp147Asp	A	G
NC_007793.1	1631152	T	A	Allele A: synonymous_variant,SAUSA300_RS08060 (SAUSA300_RS08060),c.327A>T,p.Ala109Ala	A	T
NC_007793.1	1631164	A	G	Allele G: synonymous_variant,SAUSA300_RS08060 (SAUSA300_RS08060),c.315T>C,p.Ser105Ser	A	G
NC_007793.1	1631223	C	T	Allele T: missense_variant,SAUSA300_RS08060 (SAUSA300_RS08060),c.256G>A,p.Asp86Asn	T	C
NC_007793.1	1631353	A	G	Allele G: synonymous_variant,SAUSA300_RS08060 (SAUSA300_RS08060),c.126T>C,p.Tyr42Tyr	A	G
NC_007793.1	1632394	CTAAT	GTAAA	Allele GTAAA: missense_variant,SAUSA300_RS08070 (SAUSA300_RS08070),c.30_34delATTAGinsTTTAC,p.Val12Leu	CTAAT	GTAAA
NC_007793.1	1632403	A	G	Allele G: synonymous_variant,SAUSA300_RS08070 (SAUSA300_RS08070),c.25T>C,p.Leu9Leu	A	G
NC_007793.1	1632473	T	C	46 nt upstream of SAUSA300_RS08070 ; 10 nt downstream of SAUSA300_RS08075	C	T
NC_007793.1	1632528	A	G	Allele G: synonymous_variant,SAUSA300_RS08075 (SAUSA300_RS08075),c.546T>C,p.Arg182Arg	A	G
NC_007793.1	1632542	C	A	Allele A: missense_variant,SAUSA300_RS08075 (SAUSA300_RS08075),c.532G>T,p.Ala178Ser	C	A
NC_007793.1	1632897	C	T	Allele T: synonymous_variant,SAUSA300_RS08075 (SAUSA300_RS08075),c.177G>A,p.Lys59Lys	T	C
NC_007793.1	1632910	T	C	Allele C: missense_variant,SAUSA300_RS08075 (SAUSA300_RS08075),c.164A>G,p.Asn55Ser	C	T
NC_007793.1	1632915	CTCTCCA	TTCACCG	Allele TTCACCG: synonymous_variant,SAUSA300_RS08075 (SAUSA300_RS08075),c.153_159delTGGAGAGinsCGGTGAA,p.54	TTCACCG	CTCTCCA
NC_007793.1	1633020	A	C	Allele C: synonymous_variant,SAUSA300_RS08075 (SAUSA300_RS08075),c.54T>G,p.Ala18Ala	A	C
NC_007793.1	1633031	A	G	Allele G: synonymous_variant,SAUSA300_RS08075 (SAUSA300_RS08075),c.43T>C,p.Leu15Leu	A	G
NC_007793.1	1633128	A	C	Allele C: synonymous_variant,SAUSA300_RS08080 (SAUSA300_RS08080),c.999T>G,p.Arg333Arg	A	C
NC_007793.1	1694557	A	T	386 nt upstream of SAUSA300_RS08410 ; 177 nt downstream of SAUSA300_RS08420	A	T
NC_007793.1	1928894	TGATC	CGATT	Allele CGATT: missense_variant,SAUSA300_RS09560 (SAUSA300_RS09560),c.17_21delGATCAinsAATCG,p.Arg6Lys	TGATC	CGATT
NC_007793.1	1997102	A	T	Allele T: intragenic_variant,SAUSA300_RS10005 (SAUSA300_RS10005),n.1997102A>T,	T	A
NC_007793.1	2031216	C	T	379 nt downstream of SAUSA300_RS10215 ; 170 nt downstream of SAUSA300_RS10230	T	C
NC_007793.1	2664891	T	C	272 nt downstream of SAUSA300_RS13685 ; 166 nt downstream of SAUSA300_RS13690	T	C
NC_007793.1	2733655	G	T	114 nt downstream of SAUSA300_RS14045 ; 15 nt downstream of SAUSA300_RS14050	G	T
NC_007793.1	2774907	A	G	Allele G: synonymous_variant,clfB (SAUSA300_RS14270),c.2133T>C,p.Asp711Asp	G	A
NC_007793.1	2774931	G	A	Allele A: synonymous_variant,clfB (SAUSA300_RS14270),c.2109C>T,p.Asp703Asp	A	G
